,5.1_matern32_rbf_intra_sin_lfbgs_0_2023,5.1_matern32_rbf_intra_sin_lfbgs_1_2023,5.1_matern32_rbf_intra_sin_lfbgs_2_2023,5.1_matern32_rbf_intra_sin_lfbgs_3_2023,5.1_matern32_rbf_intra_sin_lfbgs_4_2023
.kernel.kernels[0].variance,"<Parameter: name=softplus, dtype=float64, shape=[], fn=""softplus"", numpy=0.9429100531147812>","<Parameter: name=softplus, dtype=float64, shape=[], fn=""softplus"", numpy=0.9914503607066589>","<Parameter: name=softplus, dtype=float64, shape=[], fn=""softplus"", numpy=0.9753869398082251>","<Parameter: name=softplus, dtype=float64, shape=[], fn=""softplus"", numpy=0.732824498531766>","<Parameter: name=softplus, dtype=float64, shape=[], fn=""softplus"", numpy=0.832348563565634>"
.kernel.kernels[0].lengthscales,"<Parameter: name=softplus, dtype=float64, shape=[5], fn=""softplus"", numpy=array([3.37015549, 1.77813872, 0.99416528, 1.21859327, 1.62483291])>","<Parameter: name=softplus, dtype=float64, shape=[5], fn=""softplus"", numpy=array([3.51385267, 3.18780259, 1.12933282, 2.98757013, 1.38783272])>","<Parameter: name=softplus, dtype=float64, shape=[5], fn=""softplus"", numpy=array([3.62342269, 2.00491715, 0.91707001, 2.47236949, 1.58022584])>","<Parameter: name=softplus, dtype=float64, shape=[5], fn=""softplus"", numpy=array([2.49473998, 1.28047425, 1.27863218, 1.39734764, 1.73245129])>","<Parameter: name=softplus, dtype=float64, shape=[5], fn=""softplus"", numpy=array([3.261825  , 2.22238802, 0.80901256, 2.26010971, 1.96010577])>"
.kernel.kernels[1].variance,"<Parameter: name=softplus, dtype=float64, shape=[], fn=""softplus"", numpy=1.863328664313808>","<Parameter: name=softplus, dtype=float64, shape=[], fn=""softplus"", numpy=1.7820513407074152>","<Parameter: name=softplus, dtype=float64, shape=[], fn=""softplus"", numpy=1.8089390560919878>","<Parameter: name=softplus, dtype=float64, shape=[], fn=""softplus"", numpy=1.7716822958811091>","<Parameter: name=softplus, dtype=float64, shape=[], fn=""softplus"", numpy=1.8352190751055149>"
.kernel.kernels[1].lengthscales,"<Parameter: name=softplus, dtype=float64, shape=[1], fn=""softplus"", numpy=array([0.32953099])>","<Parameter: name=softplus, dtype=float64, shape=[1], fn=""softplus"", numpy=array([0.44064681])>","<Parameter: name=softplus, dtype=float64, shape=[1], fn=""softplus"", numpy=array([0.2706287])>","<Parameter: name=softplus, dtype=float64, shape=[1], fn=""softplus"", numpy=array([0.40813734])>","<Parameter: name=softplus, dtype=float64, shape=[1], fn=""softplus"", numpy=array([0.38068145])>"
.kernel.kernels[2].variance,"<Parameter: name=softplus, dtype=float64, shape=[], fn=""softplus"", numpy=0.5021291468849232>","<Parameter: name=softplus, dtype=float64, shape=[], fn=""softplus"", numpy=0.5633270265485076>","<Parameter: name=softplus, dtype=float64, shape=[], fn=""softplus"", numpy=0.42891154669698495>","<Parameter: name=softplus, dtype=float64, shape=[], fn=""softplus"", numpy=0.37480225058274513>","<Parameter: name=softplus, dtype=float64, shape=[], fn=""softplus"", numpy=0.5688371755542998>"
.kernel.kernels[2].lengthscales,"<Parameter: name=identity, dtype=float64, shape=[1], fn=""identity"", numpy=array([365.])>","<Parameter: name=identity, dtype=float64, shape=[1], fn=""identity"", numpy=array([365.])>","<Parameter: name=identity, dtype=float64, shape=[1], fn=""identity"", numpy=array([365.])>","<Parameter: name=identity, dtype=float64, shape=[1], fn=""identity"", numpy=array([365.])>","<Parameter: name=identity, dtype=float64, shape=[1], fn=""identity"", numpy=array([365.])>"
.kernel.kernels[3].kernels[0].variance,"<Parameter: name=softplus, dtype=float64, shape=[], fn=""softplus"", numpy=0.8105701361695274>","<Parameter: name=softplus, dtype=float64, shape=[], fn=""softplus"", numpy=0.9551705966073797>","<Parameter: name=softplus, dtype=float64, shape=[], fn=""softplus"", numpy=1.061728889467276>","<Parameter: name=softplus, dtype=float64, shape=[], fn=""softplus"", numpy=1.0903021050040445>","<Parameter: name=softplus, dtype=float64, shape=[], fn=""softplus"", numpy=0.8632932912273594>"
.kernel.kernels[3].kernels[1].variance,"<Parameter: name=softplus, dtype=float64, shape=[], fn=""softplus"", numpy=0.8105701361695297>","<Parameter: name=softplus, dtype=float64, shape=[], fn=""softplus"", numpy=0.9551705966074706>","<Parameter: name=softplus, dtype=float64, shape=[], fn=""softplus"", numpy=1.0617288894672734>","<Parameter: name=softplus, dtype=float64, shape=[], fn=""softplus"", numpy=1.0903021050040396>","<Parameter: name=softplus, dtype=float64, shape=[], fn=""softplus"", numpy=0.8632932912273743>"
.kernel.kernels[3].kernels[1].lengthscales,"<Parameter: name=identity, dtype=float64, shape=[1], fn=""identity"", numpy=array([365.])>","<Parameter: name=identity, dtype=float64, shape=[1], fn=""identity"", numpy=array([365.])>","<Parameter: name=identity, dtype=float64, shape=[1], fn=""identity"", numpy=array([365.])>","<Parameter: name=identity, dtype=float64, shape=[1], fn=""identity"", numpy=array([365.])>","<Parameter: name=identity, dtype=float64, shape=[1], fn=""identity"", numpy=array([365.])>"
.likelihood.variance,"<Parameter: name=chain_of_shift_of_softplus, dtype=float64, shape=[], fn=""chain_of_shift_of_softplus"", numpy=1.5860527971898681>","<Parameter: name=chain_of_shift_of_softplus, dtype=float64, shape=[], fn=""chain_of_shift_of_softplus"", numpy=1.4770387536139697>","<Parameter: name=chain_of_shift_of_softplus, dtype=float64, shape=[], fn=""chain_of_shift_of_softplus"", numpy=1.4751148919167567>","<Parameter: name=chain_of_shift_of_softplus, dtype=float64, shape=[], fn=""chain_of_shift_of_softplus"", numpy=1.5186967996628773>","<Parameter: name=chain_of_shift_of_softplus, dtype=float64, shape=[], fn=""chain_of_shift_of_softplus"", numpy=1.5262291761885194>"
.inducing_variable.Z,"<Parameter: name=identity, dtype=float64, shape=[500, 6], fn=""identity"", numpy=
array([[ 2.43000000e+02,  8.71258401e-01, -4.28613283e-01,
         1.50198796e+00, -9.89337317e-01, -1.00000000e+00],
       [ 2.17000000e+02,  1.31817333e-01,  3.14999756e-02,
        -1.25476122e+00,  7.90969765e-01,  1.00000000e+00],
       [ 1.87000000e+02, -7.21383899e-01, -1.18421923e+00,
         3.88510244e-01, -1.14280133e+00, -1.00000000e+00],
       ...,
       [ 2.70000000e+02,  1.63913951e+00, -2.80030169e-01,
        -3.78329653e-02, -3.26318507e-01, -1.00000000e+00],
       [ 2.71000000e+02,  1.66757955e+00,  3.47591831e+00,
         5.63544531e-01,  2.46293359e+00,  1.00000000e+00],
       [ 1.66000000e+02, -1.31862476e+00,  1.76294485e-01,
        -1.23391027e+00,  8.09482826e-01,  1.00000000e+00]])>","<Parameter: name=identity, dtype=float64, shape=[500, 6], fn=""identity"", numpy=
array([[ 1.72000000e+02, -1.15613102e+00, -7.91130794e-01,
        -9.17830534e-01, -2.65714462e-01,  1.00000000e+00],
       [ 1.73000000e+02, -1.12776761e+00,  5.77405615e-02,
         6.33959400e-01, -5.01116677e-01, -1.00000000e+00],
       [ 2.63000000e+02,  1.42493979e+00,  5.77405615e-02,
         6.33959400e-01, -5.01116677e-01, -1.00000000e+00],
       ...,
       [ 2.61000000e+02,  1.36821296e+00, -3.87557523e-01,
         1.26392884e+00, -9.03936662e-01, -1.00000000e+00],
       [ 1.62000000e+02, -1.43976518e+00, -3.87557523e-01,
         1.26392884e+00, -9.03936662e-01,  1.00000000e+00],
       [ 2.51000000e+02,  1.08457880e+00,  5.77405615e-02,
         6.33959400e-01, -5.01116677e-01,  1.00000000e+00]])>","<Parameter: name=identity, dtype=float64, shape=[500, 6], fn=""identity"", numpy=
array([[ 1.93000000e+02, -5.55823030e-01,  1.47022240e-01,
         6.24681057e-01, -5.04929253e-01, -1.00000000e+00],
       [ 1.94000000e+02, -5.27515862e-01, -8.76075621e-01,
        -8.56781855e-01, -2.49763497e-01,  1.00000000e+00],
       [ 2.00000000e+02, -3.57672857e-01,  3.72370344e-01,
        -1.07826882e+00,  1.12770723e+00,  1.00000000e+00],
       ...,
       [ 2.66000000e+02,  1.51060020e+00, -8.76075621e-01,
        -8.56781855e-01, -2.49763497e-01,  1.00000000e+00],
       [ 1.52000000e+02, -1.71641690e+00,  1.47022240e-01,
         6.24681057e-01, -5.04929253e-01,  1.00000000e+00],
       [ 2.16000000e+02,  9.52418242e-02, -4.02815020e-01,
         1.66682116e+00, -1.16580718e+00, -1.00000000e+00]])>","<Parameter: name=identity, dtype=float64, shape=[500, 6], fn=""identity"", numpy=
array([[ 1.87000000e+02, -7.22152436e-01, -8.33805001e-01,
         1.17597121e+00, -1.46519275e+00,  1.00000000e+00],
       [ 2.25000000e+02,  3.58158807e-01, -7.55717107e-01,
        -4.43202450e-01, -6.52995980e-01, -1.00000000e+00],
       [ 2.63000000e+02,  1.43847005e+00, -7.55717107e-01,
        -4.43202450e-01, -6.52995980e-01,  1.00000000e+00],
       ...,
       [ 2.43000000e+02,  8.69885184e-01, -7.55717107e-01,
        -4.43202450e-01, -6.52995980e-01, -1.00000000e+00],
       [ 1.55000000e+02, -1.63188822e+00, -7.55717107e-01,
        -4.43202450e-01, -6.52995980e-01, -1.00000000e+00],
       [ 2.20000000e+02,  2.16012590e-01,  1.12459161e-01,
        -7.00072699e-01,  5.64383416e-01,  1.00000000e+00]])>","<Parameter: name=identity, dtype=float64, shape=[500, 6], fn=""identity"", numpy=
array([[ 2.61000000e+02,  1.38038763e+00, -8.02727679e-01,
        -1.14869758e+00,  3.64892610e-02, -1.00000000e+00],
       [ 1.77000000e+02, -1.00842380e+00,  3.08664697e-01,
         4.30425340e-01, -2.70066556e-01, -1.00000000e+00],
       [ 2.28000000e+02,  4.41925993e-01,  5.08436155e+00,
         5.13490935e-01,  4.07683334e+00, -1.00000000e+00],
       ...,
       [ 1.80000000e+02, -9.23109110e-01, -8.02727679e-01,
        -1.14869758e+00,  3.64892610e-02,  1.00000000e+00],
       [ 2.38000000e+02,  7.26308306e-01, -2.74345783e-01,
         1.07149096e+00, -7.94644499e-01, -1.00000000e+00],
       [ 1.80000000e+02, -9.23109110e-01,  5.53460601e-01,
        -1.38478527e+00,  1.69138086e+00,  1.00000000e+00]])>"
.q_mu,"<Parameter: name=identity, dtype=float64, shape=[500, 1], fn=""identity"", numpy=
array([[ 6.93589894e-02],
       [ 5.17654225e-01],
       [ 1.86974040e-01],
       [-2.00901945e-01],
       [-5.83362233e-01],
       [ 2.50976703e-01],
       [-1.72052608e-01],
       [ 6.70002617e-01],
       [-1.31661921e+00],
       [-2.85681215e-01],
       [ 6.28347115e-02],
       [-1.54059581e-01],
       [-5.83279204e-01],
       [ 5.66905046e-01],
       [ 2.54086021e-01],
       [ 4.06341097e-01],
       [-1.17553845e+00],
       [-2.57599532e-01],
       [ 2.78802788e-01],
       [ 4.30635446e-01],
       [ 1.62556856e-02],
       [ 8.47815092e-01],
       [ 5.22600265e-01],
       [ 1.37356754e+00],
       [-2.59845588e-01],
       [ 6.95531894e-01],
       [ 4.29018849e-01],
       [-1.28119368e+00],
       [-2.04404068e-01],
       [ 9.02691529e-02],
       [ 1.06849019e+00],
       [ 6.53475990e-01],
       [-1.26744622e+00],
       [ 2.20024184e-01],
       [ 6.63278647e-01],
       [ 3.72540459e-02],
       [-6.53160967e-04],
       [-5.39613104e-01],
       [-6.16128279e-01],
       [ 7.72942460e-01],
       [ 1.33961416e+00],
       [ 3.13065751e-01],
       [-9.06642185e-01],
       [ 9.33081814e-01],
       [-7.36061619e-01],
       [-8.59872243e-01],
       [ 9.92824605e-03],
       [-1.08654533e+00],
       [ 9.27737127e-01],
       [ 1.69606398e-01],
       [ 1.64629294e-01],
       [-7.05234415e-02],
       [ 2.46885253e-01],
       [-3.47857801e-01],
       [-1.87107190e-01],
       [-7.33523572e-01],
       [-9.86837656e-01],
       [ 1.48281955e+00],
       [-3.25402807e-01],
       [-6.39328513e-01],
       [-8.03810501e-01],
       [ 4.31204339e-01],
       [-5.47472158e-01],
       [ 5.93860817e-01],
       [-3.51068444e-01],
       [ 4.04610190e-02],
       [ 7.15135435e-01],
       [ 7.66851613e-01],
       [-7.92329053e-01],
       [-1.51747385e-01],
       [ 3.45072706e-01],
       [-3.14916299e-01],
       [-3.07966339e-01],
       [-2.42023197e-01],
       [-3.14453609e-01],
       [-1.62818107e-01],
       [-8.97113990e-01],
       [ 1.11147661e+00],
       [ 6.80294767e-01],
       [-6.16280690e-01],
       [ 2.72258950e-01],
       [-6.85855805e-01],
       [ 7.33753538e-01],
       [-7.58051830e-01],
       [-1.17390940e-01],
       [-8.86133894e-01],
       [ 5.92643063e-01],
       [ 7.98664835e-01],
       [ 2.61476165e-01],
       [ 8.42523196e-01],
       [-7.28917478e-01],
       [-7.83162522e-01],
       [ 1.06683907e+00],
       [-1.91860576e-01],
       [-1.26195847e-02],
       [ 2.11998409e-01],
       [-5.11992578e-01],
       [-8.67148926e-01],
       [ 4.18075445e-01],
       [-9.64854134e-01],
       [-1.02302850e-01],
       [ 9.15394331e-01],
       [-7.16865414e-02],
       [-3.05946668e-03],
       [-8.71533618e-03],
       [ 5.29514350e-01],
       [-5.78729737e-01],
       [-2.04012405e-01],
       [-2.45018446e-01],
       [-5.23493283e-01],
       [ 1.47101267e+00],
       [ 5.12294343e-02],
       [-3.55736339e-01],
       [-7.03096604e-01],
       [ 6.04377537e-01],
       [ 1.73606627e-01],
       [ 5.75775823e-01],
       [-2.62176253e-01],
       [-8.56814481e-01],
       [ 1.71785488e-01],
       [ 5.90454232e-01],
       [ 2.70206902e-01],
       [ 2.63613243e-02],
       [-1.93218687e-01],
       [-7.19487124e-03],
       [ 7.41937118e-02],
       [ 8.66949530e-01],
       [ 5.22708804e-01],
       [ 9.32038351e-02],
       [-2.87943741e-01],
       [ 2.37578393e-01],
       [ 1.34782576e-01],
       [ 3.47751088e-01],
       [-5.16319814e-01],
       [ 2.10057549e-01],
       [-8.29255992e-01],
       [ 3.65742184e-01],
       [ 8.22513608e-01],
       [-1.58797699e-01],
       [ 5.96727615e-01],
       [-3.30984235e-01],
       [-4.81273102e-01],
       [-6.45472995e-01],
       [ 3.88976735e-01],
       [-1.25634120e-01],
       [-1.00819676e+00],
       [-3.32950902e-02],
       [-7.26482275e-01],
       [-5.91008678e-02],
       [-4.78561773e-01],
       [-1.87996749e-01],
       [ 4.36584847e-05],
       [ 5.34471335e-01],
       [ 2.12400585e-01],
       [ 1.63784087e-01],
       [-4.67890322e-01],
       [-6.85680553e-01],
       [-3.48148835e-01],
       [ 2.60282345e-01],
       [ 2.45010063e-01],
       [-7.10312773e-02],
       [ 2.66882372e-01],
       [ 6.48537890e-01],
       [-2.64282106e-01],
       [-3.38981438e-01],
       [-8.66683822e-01],
       [-3.78043207e-01],
       [ 6.07328789e-01],
       [-3.71107394e-03],
       [-5.15564516e-01],
       [ 5.90014703e-02],
       [ 1.58115989e-01],
       [ 6.10110297e-01],
       [-3.48098737e-01],
       [-3.79883491e-01],
       [ 6.29035952e-04],
       [-2.41575230e-01],
       [ 2.63345810e-02],
       [ 5.93254329e-01],
       [ 1.03869859e-01],
       [ 6.37807137e-01],
       [-1.05976354e-02],
       [-9.19900271e-01],
       [-6.55395705e-03],
       [ 5.42433639e-01],
       [-4.10882405e-03],
       [ 6.07909398e-01],
       [-5.11915132e-01],
       [ 4.59014330e-02],
       [-5.66462754e-01],
       [-1.12664173e+00],
       [ 3.98447244e-01],
       [-1.19741505e-02],
       [-8.95292880e-01],
       [ 4.92040610e-01],
       [-2.83856880e-01],
       [ 6.11547965e-01],
       [-2.67634320e-01],
       [ 5.41934195e-01],
       [ 1.78021826e-01],
       [ 6.65569487e-02],
       [-1.29258243e-01],
       [-8.24352164e-01],
       [-6.09224481e-01],
       [-7.81184197e-01],
       [ 1.74926326e-01],
       [ 7.64590319e-01],
       [ 8.07253695e-02],
       [-9.61464122e-01],
       [-4.11756614e-01],
       [ 3.94676191e-01],
       [-6.56313602e-01],
       [ 9.97158599e-02],
       [-6.03147152e-01],
       [-9.23934498e-03],
       [ 1.37001641e-01],
       [-6.40721941e-01],
       [ 1.22381508e-01],
       [-4.44932080e-01],
       [ 9.90876247e-01],
       [-1.51398130e-01],
       [-4.04924431e-01],
       [-2.88201817e-01],
       [-1.81387570e-01],
       [-4.12701000e-02],
       [-6.75384312e-01],
       [-3.15357047e-01],
       [-6.15522546e-01],
       [-5.65989912e-02],
       [-2.35194704e-01],
       [ 5.76859147e-02],
       [-6.77679559e-02],
       [ 1.50542608e-02],
       [-1.06083337e-02],
       [ 2.98119062e-02],
       [ 1.04466529e-01],
       [-4.36923788e-02],
       [-7.47932882e-01],
       [-2.62241056e-01],
       [ 2.19559747e-03],
       [ 1.13571299e-01],
       [ 3.35211944e-01],
       [-5.84282963e-01],
       [-6.37577726e-01],
       [ 2.53954841e-02],
       [ 6.49776328e-01],
       [ 8.88925526e-01],
       [ 1.60990541e-02],
       [-4.48473237e-01],
       [ 1.16740272e-01],
       [-4.71714294e-01],
       [-1.47335798e-01],
       [-4.91895249e-01],
       [-2.01355608e-01],
       [-7.65197474e-01],
       [-9.52026156e-02],
       [ 2.90924554e-01],
       [-6.60403903e-03],
       [-5.35680381e-01],
       [ 2.41425592e-02],
       [-1.18723029e-01],
       [ 4.27641500e-03],
       [-3.14695592e-01],
       [ 1.58672652e-01],
       [ 3.73343064e-01],
       [-3.17325729e-01],
       [-8.38701005e-02],
       [ 3.91548309e-02],
       [-9.88470203e-02],
       [ 2.51851429e-01],
       [ 7.11673153e-01],
       [ 4.96764941e-02],
       [ 3.67515375e-01],
       [ 3.90591627e-01],
       [ 2.72798515e-02],
       [-2.96836487e-01],
       [ 5.60984143e-01],
       [ 2.30896443e-01],
       [-2.44353747e-02],
       [ 2.30773451e-01],
       [-7.54799046e-02],
       [ 2.99409285e-02],
       [-1.52652725e-01],
       [ 9.31926029e-02],
       [-1.18291660e-01],
       [ 2.89594096e-01],
       [-3.28862765e-01],
       [-6.61621806e-03],
       [-1.84121723e-01],
       [ 3.45353425e-01],
       [ 4.62528207e-01],
       [ 4.00293362e-02],
       [ 2.83542539e-01],
       [ 4.41987649e-01],
       [-5.08017185e-01],
       [-1.60994976e-01],
       [ 5.05614996e-01],
       [-6.90554744e-02],
       [-5.37119216e-02],
       [ 2.13103982e-02],
       [-8.03131696e-01],
       [ 2.46495552e-01],
       [ 1.12481706e-01],
       [-1.54427733e-02],
       [-1.01076273e-01],
       [ 2.27664948e-01],
       [ 3.09734289e-01],
       [ 4.83214568e-01],
       [-3.91766462e-01],
       [ 5.08683068e-01],
       [-8.05408650e-03],
       [ 1.29093376e-01],
       [-3.68940511e-01],
       [-4.37030953e-02],
       [-7.89392013e-01],
       [-3.41710193e-02],
       [-2.77224249e-01],
       [-7.56827689e-02],
       [-3.61872059e-02],
       [-3.45313181e-02],
       [ 9.63916128e-01],
       [-3.69823245e-01],
       [-8.44751369e-02],
       [ 3.77950655e-01],
       [-7.17215267e-02],
       [ 2.69059474e-01],
       [ 1.71204038e-02],
       [ 3.23014734e-01],
       [ 2.03241012e-03],
       [ 1.34593696e-01],
       [-7.11194326e-02],
       [ 3.33347111e-01],
       [ 5.66022874e-03],
       [-1.66298471e-01],
       [ 1.37851802e-01],
       [-3.48844834e-01],
       [-1.50150757e-01],
       [-3.73205840e-01],
       [ 2.67489778e-02],
       [-9.76279071e-02],
       [ 2.45309275e-01],
       [-9.35889873e-02],
       [ 6.81584570e-02],
       [-1.33484207e-01],
       [ 1.06986418e-01],
       [-5.18115674e-02],
       [ 6.90690848e-02],
       [ 2.64314033e-01],
       [-3.11752207e-01],
       [ 5.72342097e-02],
       [ 1.14521432e-01],
       [ 2.75818819e-02],
       [ 1.34389129e-01],
       [-4.09409849e-02],
       [ 1.15160408e-01],
       [-4.80485322e-01],
       [-1.69283761e-03],
       [ 1.77744707e-01],
       [ 1.74449675e-01],
       [-3.09093739e-01],
       [ 3.98284365e-01],
       [-2.75553302e-01],
       [ 3.52430471e-02],
       [ 2.49533805e-01],
       [-5.11817428e-02],
       [-1.04492556e-02],
       [-2.25568324e-01],
       [ 9.97469936e-02],
       [-8.85675715e-01],
       [-1.41522943e-01],
       [-6.82441576e-01],
       [-1.16984506e-01],
       [-1.57098679e-03],
       [ 1.96305620e-01],
       [ 2.39041792e-01],
       [ 2.05656298e-01],
       [ 2.77290386e-01],
       [-1.39449052e-01],
       [-6.55327864e-01],
       [ 9.53824343e-03],
       [ 2.28403191e-01],
       [-2.47201303e-01],
       [-1.92439139e-01],
       [-4.79428546e-01],
       [ 1.28073349e-01],
       [ 4.66304814e-01],
       [ 2.69643126e-01],
       [ 1.83271216e-02],
       [-4.55246992e-01],
       [ 2.41085951e-01],
       [-2.50068910e-01],
       [-1.95731187e-01],
       [ 3.50280863e-01],
       [-2.40314695e-01],
       [-1.83054017e-01],
       [-3.36013672e-01],
       [-2.72926505e-02],
       [ 3.35229820e-01],
       [-1.99146476e-01],
       [-1.78164646e-01],
       [ 4.86725285e-01],
       [-6.74115148e-02],
       [-5.97303416e-01],
       [ 2.87819606e-01],
       [ 1.10304638e-01],
       [ 8.64505812e-01],
       [ 9.57289194e-02],
       [-2.81522653e-01],
       [-1.17955229e-01],
       [-4.61690250e-01],
       [-1.01115425e-01],
       [-8.32128758e-04],
       [-6.83299534e-01],
       [-2.05149317e-01],
       [-2.01327372e-01],
       [ 8.07475793e-02],
       [-6.32604669e-02],
       [-1.06444686e-01],
       [ 1.44715706e-01],
       [-4.97742433e-01],
       [ 3.13660001e-01],
       [-1.37828836e-01],
       [-5.34858866e-03],
       [ 5.06728966e-02],
       [ 2.02476753e-01],
       [-1.91374499e-01],
       [ 4.83680022e-01],
       [-3.64353558e-01],
       [ 1.02152940e-03],
       [-1.59352607e-01],
       [-1.74836920e-01],
       [-1.45160721e-01],
       [ 3.35675171e-01],
       [-4.09501249e-02],
       [ 7.01304729e-02],
       [-1.10654484e-01],
       [-2.66031313e-01],
       [ 1.13997335e-01],
       [-3.52616842e-01],
       [ 1.03679613e-01],
       [-5.58126112e-02],
       [ 3.85006375e-01],
       [-1.35707269e-01],
       [-1.79777688e-01],
       [ 1.18405896e-01],
       [ 2.84607112e-01],
       [-3.44165242e-02],
       [-9.60958083e-05],
       [ 3.38954116e-02],
       [ 6.28735028e-01],
       [-1.63801711e-02],
       [-5.16805620e-01],
       [-1.76709387e-01],
       [-2.17227838e-01],
       [ 1.40729856e-02],
       [-1.87056969e-01],
       [-9.31557272e-02],
       [ 2.75825289e-01],
       [-3.33260879e-01],
       [-9.52008598e-02],
       [ 5.27193347e-01],
       [-2.79872448e-01],
       [-4.47340599e-01],
       [-4.31165393e-02],
       [-1.06992472e-01],
       [ 4.00785639e-02],
       [-1.36506847e-01],
       [-4.29940884e-01],
       [ 2.39653208e-04],
       [ 4.19433784e-02],
       [-1.33219421e-01],
       [-2.40273865e-01],
       [-5.00211360e-02],
       [ 3.04018811e-01],
       [ 3.70162008e-01],
       [ 5.31397870e-02],
       [-8.09372290e-01],
       [-3.49859346e-01],
       [-1.43865172e-01],
       [-9.03418054e-02],
       [ 2.50524031e-01],
       [-1.07904500e-02],
       [-5.01968361e-01],
       [-3.52105845e-03],
       [ 1.49602704e-01],
       [-7.66948645e-02],
       [-1.95006082e-01],
       [-7.00814987e-02],
       [ 3.52310755e-01],
       [-6.37636449e-02],
       [ 2.81892896e-01],
       [-1.71864475e-01],
       [-2.34511843e-01],
       [ 2.20715797e-02],
       [ 3.72530326e-02],
       [ 2.97020418e-01],
       [ 4.04116486e-01],
       [-3.04622105e-01],
       [-4.32804630e-01],
       [-8.31246430e-03]])>","<Parameter: name=identity, dtype=float64, shape=[500, 1], fn=""identity"", numpy=
array([[-9.33407548e-01],
       [-2.08645320e-01],
       [-1.01407549e-01],
       [ 6.21050322e-01],
       [ 4.54923031e-01],
       [ 3.59058977e-01],
       [ 7.89464511e-01],
       [ 1.73405297e-01],
       [ 9.83139264e-01],
       [ 7.00223922e-01],
       [ 2.96359472e-01],
       [-2.41300285e-01],
       [-6.76496937e-02],
       [-1.62002285e+00],
       [-8.29577264e-01],
       [-2.00532222e-02],
       [ 9.73469528e-01],
       [-1.22978181e-01],
       [ 3.68206977e-01],
       [ 2.41902005e-01],
       [-5.58333487e-01],
       [-1.12992573e-01],
       [ 2.13124414e-01],
       [-1.29338908e+00],
       [-4.84058598e-01],
       [-9.45493798e-01],
       [-2.43449613e-01],
       [ 7.35591275e-01],
       [ 6.37987268e-01],
       [-9.47815351e-01],
       [-3.98434103e-01],
       [-1.24639776e+00],
       [-2.93405643e-02],
       [-2.19872352e-01],
       [-2.51138524e-01],
       [ 3.67625386e-01],
       [ 2.11366994e-01],
       [-9.44702257e-01],
       [-3.06588044e-01],
       [-1.57913397e-01],
       [-6.42677028e-01],
       [-7.76720783e-01],
       [ 6.90001234e-01],
       [ 4.56763415e-01],
       [-2.60398853e-01],
       [-3.73165308e-03],
       [ 2.21394306e-02],
       [-6.06238823e-02],
       [-6.65290844e-01],
       [-1.19392866e-01],
       [-1.06465312e-01],
       [ 6.55088152e-01],
       [ 2.82460614e-02],
       [-1.98670046e-01],
       [ 2.57913330e-01],
       [ 9.27694754e-01],
       [-2.53819744e-01],
       [-7.54043682e-01],
       [-9.68523358e-02],
       [-5.65865166e-01],
       [-6.46486353e-01],
       [ 7.49942694e-01],
       [ 1.03045370e-01],
       [ 1.52644672e+00],
       [ 9.02836294e-01],
       [ 1.23526790e+00],
       [ 1.00299477e+00],
       [-7.49000593e-01],
       [-8.96385669e-01],
       [ 6.07861098e-01],
       [ 1.11987775e+00],
       [-7.27899423e-01],
       [ 1.53574904e+00],
       [-3.70228487e-02],
       [-1.41197783e+00],
       [ 1.35530596e-01],
       [ 2.15904734e-01],
       [-1.46178735e-01],
       [-4.23190098e-01],
       [ 1.24574872e-01],
       [-7.89521988e-01],
       [ 1.59800678e-01],
       [ 9.55479454e-01],
       [-1.81982882e-01],
       [ 3.01119255e-01],
       [ 5.90245297e-01],
       [-5.32553838e-01],
       [ 4.62129090e-02],
       [-7.40440330e-01],
       [ 8.95244613e-01],
       [-7.35435644e-01],
       [ 4.50230219e-01],
       [ 9.36154391e-01],
       [ 4.83965478e-02],
       [-2.00429129e-01],
       [-1.05878419e+00],
       [-9.48839636e-02],
       [-1.05353103e+00],
       [-1.12584342e+00],
       [ 8.27935095e-01],
       [ 5.75341558e-01],
       [-9.22346906e-02],
       [-4.65000776e-01],
       [ 2.96735412e-02],
       [-4.14293563e-01],
       [-6.40059899e-01],
       [ 4.78120999e-01],
       [ 1.67109567e-02],
       [-7.81928986e-01],
       [-7.06519113e-01],
       [ 2.70741156e-01],
       [-7.72860586e-01],
       [-9.05747712e-01],
       [-3.52364533e-01],
       [-8.72839849e-01],
       [-1.06314718e+00],
       [-4.95434505e-02],
       [-8.12674220e-01],
       [ 5.78554684e-01],
       [-1.32890726e-01],
       [ 4.82722076e-01],
       [ 1.34118872e+00],
       [ 9.26341091e-01],
       [-5.83785526e-01],
       [ 5.00389128e-02],
       [ 7.10219349e-01],
       [ 2.37946606e-01],
       [ 1.00046220e-01],
       [ 6.65266178e-01],
       [-4.09355306e-01],
       [ 1.06191933e+00],
       [-1.08962472e-01],
       [-9.29320564e-01],
       [ 1.09721887e-01],
       [ 7.84360790e-01],
       [-5.29785765e-01],
       [ 6.60411588e-01],
       [-2.31424100e-01],
       [-1.27427516e+00],
       [ 1.97597628e-01],
       [ 3.90476797e-01],
       [-2.96398746e-01],
       [ 1.17740132e+00],
       [ 4.32238923e-01],
       [-4.00073105e-01],
       [ 3.09739279e-01],
       [ 1.70076262e-01],
       [ 8.04878502e-01],
       [ 4.95387942e-02],
       [-3.50099455e-01],
       [ 1.47216968e-01],
       [-2.53522015e-01],
       [-7.05988498e-03],
       [-3.47588255e-01],
       [ 5.70295453e-01],
       [-9.38380519e-02],
       [ 1.21265209e-01],
       [ 3.64096131e-01],
       [ 2.41381195e-01],
       [-2.25244872e-01],
       [-7.41887488e-01],
       [-3.70479213e-01],
       [ 4.22743346e-01],
       [-5.11367571e-02],
       [ 2.18516788e-01],
       [ 2.29833416e-01],
       [-1.00632803e+00],
       [ 2.33805577e-01],
       [-2.41608363e-01],
       [-1.22497903e-01],
       [ 6.38764987e-01],
       [-8.35010487e-02],
       [-4.46639897e-01],
       [-2.44191244e-01],
       [-1.28627582e-02],
       [ 6.42412823e-02],
       [-1.15191416e-01],
       [-2.81321153e-01],
       [-5.76230676e-01],
       [-9.89102244e-01],
       [-1.10579078e+00],
       [ 5.52523536e-01],
       [-9.03579509e-01],
       [-2.86559429e-01],
       [ 5.05258113e-01],
       [-3.07175080e-01],
       [-7.95469673e-01],
       [ 3.02749791e-01],
       [-2.41949877e-01],
       [-4.74178866e-01],
       [-7.17942533e-02],
       [-1.57077113e-01],
       [-2.36412281e-01],
       [ 1.09257948e+00],
       [ 2.13467278e-01],
       [-9.44829154e-01],
       [-1.41473808e-01],
       [ 7.81004683e-01],
       [ 2.04564793e-01],
       [-9.25913029e-01],
       [ 4.04920730e-01],
       [ 7.66136933e-02],
       [ 1.89711116e-01],
       [ 6.22987856e-01],
       [-2.52867187e-01],
       [-1.22701567e-01],
       [ 4.24648152e-01],
       [-3.31609491e-01],
       [-3.60380790e-01],
       [-3.31598635e-01],
       [-6.28234371e-01],
       [-2.77925994e-03],
       [-3.05213154e-01],
       [-3.35960899e-01],
       [-1.18132770e-01],
       [-4.47932925e-01],
       [-7.64533703e-01],
       [-2.72757587e-01],
       [-3.01563712e-01],
       [ 2.87336083e-01],
       [-5.92821900e-03],
       [-6.05125612e-01],
       [ 3.86877014e-01],
       [ 1.02051413e+00],
       [ 1.47626586e-01],
       [ 4.65244901e-01],
       [ 8.02810981e-01],
       [ 2.03178408e-01],
       [ 4.57368662e-03],
       [ 5.23550039e-02],
       [ 1.43691293e-01],
       [-2.35845457e-01],
       [-1.99518000e-01],
       [ 3.46815487e-01],
       [-1.44797576e-02],
       [-9.69804119e-01],
       [-3.08750608e-01],
       [ 1.01663452e+00],
       [ 4.45661412e-01],
       [-1.91185091e-01],
       [-7.69700415e-02],
       [-1.12869499e-01],
       [-1.38556550e-01],
       [ 6.61227233e-02],
       [-1.71498873e-01],
       [-4.27307353e-01],
       [ 4.42400072e-01],
       [-6.02635056e-02],
       [-7.49289551e-01],
       [-6.02271895e-01],
       [-2.89766469e-01],
       [ 3.69576246e-01],
       [-1.12405257e+00],
       [-4.78237974e-01],
       [-1.18973386e-02],
       [-1.55569247e-01],
       [ 4.61809425e-01],
       [-3.66264007e-02],
       [ 1.56721351e+00],
       [ 7.53502139e-01],
       [-9.84912822e-02],
       [ 1.35779160e-01],
       [-2.62872462e-01],
       [-5.21291019e-01],
       [-1.42288694e-01],
       [-9.52566867e-01],
       [ 4.15616140e-01],
       [ 3.23872071e-01],
       [-4.26518788e-01],
       [-5.47113894e-01],
       [ 7.22434218e-01],
       [-2.93498173e-03],
       [ 2.82269031e-01],
       [-3.53283004e-01],
       [ 1.04175113e+00],
       [-5.50968114e-01],
       [ 1.96215470e-01],
       [-3.39638152e-01],
       [-1.80369644e-01],
       [-1.28500285e-01],
       [-4.01575685e-01],
       [-3.07269901e-01],
       [ 2.59550125e-01],
       [ 6.22056220e-02],
       [-8.06576556e-01],
       [-5.21249875e-01],
       [ 4.57810823e-01],
       [-4.34701233e-01],
       [-3.00709603e-01],
       [-1.96567688e-01],
       [-1.53912070e-01],
       [ 3.33842605e-01],
       [ 5.46383336e-01],
       [-1.56563551e-01],
       [-7.23874310e-01],
       [-5.73703543e-01],
       [ 4.37613522e-02],
       [ 8.42376210e-01],
       [-7.63887673e-02],
       [-2.21756987e-01],
       [ 7.17186608e-03],
       [ 3.20087296e-02],
       [-5.71092552e-01],
       [-7.53245918e-02],
       [ 1.36188928e-02],
       [-6.15351995e-02],
       [-3.24744121e-03],
       [ 4.29158360e-01],
       [-1.13734733e-01],
       [ 5.46990849e-01],
       [-1.94302720e-01],
       [ 4.02246390e-01],
       [ 2.93192407e-01],
       [-4.67064413e-01],
       [-1.28419932e-01],
       [-4.96056733e-01],
       [ 4.20228969e-01],
       [ 1.95617098e-01],
       [-5.26840770e-01],
       [-1.55061455e-01],
       [-1.88653716e-01],
       [-5.42688921e-01],
       [-5.56691753e-02],
       [ 6.16619258e-01],
       [-1.28338744e-01],
       [ 8.04190522e-01],
       [-1.44414714e-01],
       [-2.81455684e-01],
       [-2.24954158e-01],
       [-5.77791005e-01],
       [ 1.06120486e-01],
       [-1.44936999e-01],
       [-1.48303769e-01],
       [ 2.39876967e-01],
       [-1.92412367e-01],
       [ 5.39179851e-01],
       [-5.06048882e-01],
       [-1.39284738e-01],
       [-5.85747752e-02],
       [ 4.42468514e-01],
       [-1.93354634e-01],
       [ 9.30769468e-01],
       [ 2.82004988e-01],
       [-1.24318754e-01],
       [-1.46884941e-01],
       [-6.65846345e-02],
       [-5.35658819e-01],
       [-1.23708842e-01],
       [ 1.85932420e-01],
       [ 6.33761357e-01],
       [-2.80052652e-01],
       [-1.58000176e-01],
       [ 4.72392067e-01],
       [-2.96401436e-01],
       [-2.07217944e-02],
       [ 2.65657620e-01],
       [ 1.10829565e-02],
       [ 7.01237167e-01],
       [-1.42933266e-01],
       [ 3.68816555e-01],
       [ 2.83873173e-01],
       [-6.12675568e-02],
       [ 9.87666790e-02],
       [-3.78110453e-01],
       [-1.45597233e-01],
       [ 2.83874267e-01],
       [-5.30152355e-01],
       [-8.56347311e-01],
       [ 5.45796646e-01],
       [ 5.51440470e-01],
       [ 1.44132823e-01],
       [ 5.70682859e-01],
       [-1.67803823e-01],
       [-5.00585256e-01],
       [ 3.67886902e-02],
       [-1.33969450e-01],
       [-8.86825532e-02],
       [-2.30582014e-02],
       [ 1.83696383e-01],
       [-2.36555566e-01],
       [ 3.52387516e-01],
       [-3.09526137e-01],
       [-1.05941733e-01],
       [ 2.33239184e-01],
       [-2.51688929e-01],
       [-3.31020027e-01],
       [ 5.97405913e-01],
       [ 3.55397934e-01],
       [ 5.87191813e-01],
       [-4.16436347e-01],
       [ 6.95105966e-01],
       [-4.69937343e-01],
       [-5.23594129e-01],
       [ 2.22020131e-01],
       [-2.70233150e-01],
       [ 7.73309899e-01],
       [-1.52168693e-01],
       [-9.54799257e-02],
       [ 1.54599398e-01],
       [ 6.11696541e-01],
       [-6.56836875e-01],
       [-4.42460019e-02],
       [ 3.07498931e-01],
       [ 8.79289391e-01],
       [-2.87213745e-01],
       [-9.53292850e-01],
       [-1.09831748e-01],
       [-2.18073733e-01],
       [ 2.33012498e-01],
       [-1.37665915e-01],
       [-7.57070447e-02],
       [-1.93128941e-01],
       [ 8.14589300e-01],
       [ 4.19905012e-01],
       [-2.43884850e-01],
       [-1.09332952e-03],
       [-1.27231855e-02],
       [ 4.09709425e-01],
       [-1.62243767e-03],
       [-1.32641079e-01],
       [ 2.90957774e-01],
       [-1.31341494e-01],
       [ 8.00300494e-02],
       [-1.43413506e-01],
       [-1.36975726e-01],
       [ 4.06585141e-02],
       [-3.50449595e-01],
       [ 5.12949488e-02],
       [-4.13742306e-01],
       [-2.04398434e-01],
       [-6.71466080e-01],
       [-2.26324884e-01],
       [ 3.56712043e-01],
       [ 1.40506951e-01],
       [ 3.02899566e-01],
       [-5.17275054e-02],
       [ 1.43048658e-03],
       [-6.14103599e-02],
       [ 7.39227616e-01],
       [-4.82766750e-02],
       [-7.01812100e-01],
       [ 3.76942022e-01],
       [-8.43446226e-04],
       [-4.00833165e-01],
       [-3.47491652e-01],
       [ 2.90326883e-01],
       [ 3.28936217e-02],
       [ 3.41162997e-01],
       [-2.04155753e-01],
       [-2.13003780e-01],
       [ 3.29675149e-01],
       [-4.03643840e-01],
       [ 1.27536179e-01],
       [-4.27065872e-02],
       [-5.75293776e-01],
       [ 2.33869364e-01],
       [ 1.59616550e-01],
       [-2.13223747e-01],
       [-1.63350452e-01],
       [-1.54990184e-03],
       [-2.50510024e-03],
       [ 7.65280947e-02],
       [-3.89603818e-01],
       [ 3.46850787e-01],
       [-5.60698791e-02],
       [-1.75947450e-01],
       [ 5.31436024e-01],
       [-3.46819981e-02],
       [-5.20355758e-02],
       [-3.33997492e-01],
       [ 7.10948289e-02],
       [ 7.75916219e-02],
       [-3.39247155e-01],
       [-1.16228064e-01],
       [-3.03361192e-01],
       [-5.46464753e-04],
       [ 1.59240672e-01],
       [ 2.89926635e-01],
       [-1.71606352e-02],
       [-2.83499888e-02],
       [ 6.32536373e-01],
       [ 9.36053647e-01],
       [ 7.68444040e-01],
       [ 8.04069175e-02],
       [-1.34418026e-02],
       [-7.56536696e-01],
       [-2.11617227e-01],
       [ 5.43254157e-01],
       [ 5.20320694e-01],
       [ 2.01150982e-02],
       [ 2.80481579e-01],
       [ 5.21454568e-04],
       [-7.95217675e-02],
       [-9.34219068e-02],
       [ 6.22608133e-02],
       [ 2.86360966e-01],
       [-1.10469560e-01],
       [-3.56072721e-01],
       [-2.38503843e-01],
       [ 3.91133261e-01]])>","<Parameter: name=identity, dtype=float64, shape=[500, 1], fn=""identity"", numpy=
array([[ 5.40673562e-01],
       [ 8.08545042e-02],
       [ 8.15909971e-01],
       [ 6.99462331e-01],
       [-1.15096079e+00],
       [-1.60787703e+00],
       [ 5.36125015e-01],
       [-3.03879650e-01],
       [-1.19145276e+00],
       [ 2.97818604e-01],
       [-6.95072866e-01],
       [-1.02013220e+00],
       [-3.48395745e-01],
       [ 9.76710172e-02],
       [ 1.19041426e+00],
       [-1.34762237e-01],
       [ 8.60766745e-01],
       [-2.81771109e-01],
       [ 1.40777169e-01],
       [ 1.02791234e+00],
       [-5.83477864e-01],
       [-3.09681235e-01],
       [-6.27581738e-01],
       [ 9.02405516e-01],
       [ 1.46731177e-01],
       [ 6.50110878e-01],
       [-8.67712523e-01],
       [ 2.82431598e-01],
       [-3.27935626e-01],
       [ 3.29339305e-01],
       [-5.50141114e-01],
       [ 6.96551492e-01],
       [ 7.95646196e-01],
       [ 9.00944852e-02],
       [ 1.63166854e-01],
       [-5.87641908e-01],
       [ 4.31797934e-01],
       [-7.22222755e-01],
       [-5.56378721e-01],
       [ 1.06575419e+00],
       [ 1.77766837e-01],
       [-2.41035835e-01],
       [ 4.06620485e-01],
       [-7.67192161e-01],
       [ 3.75768171e-01],
       [-3.57442137e-01],
       [-2.63552775e-01],
       [ 6.52486541e-02],
       [ 9.71366313e-02],
       [-1.10680049e+00],
       [-8.70612800e-01],
       [ 8.98230409e-01],
       [ 1.21553708e+00],
       [-1.13216541e-02],
       [-6.44028327e-01],
       [ 5.10952493e-02],
       [-5.95021797e-01],
       [-3.82035435e-02],
       [-6.95839547e-01],
       [-2.29663995e-01],
       [ 9.41613133e-01],
       [-1.27831887e-01],
       [-1.21595836e-01],
       [ 4.16302646e-01],
       [-1.74611596e-01],
       [ 5.56618147e-01],
       [-1.66090589e-01],
       [-9.32856251e-01],
       [-3.32393782e-01],
       [ 1.74525977e-01],
       [-7.34094642e-01],
       [ 1.03582275e+00],
       [-5.35297989e-01],
       [-4.09160276e-01],
       [-2.90548137e-01],
       [-6.99557281e-01],
       [-1.42089087e+00],
       [-4.43320481e-02],
       [ 2.08517926e-02],
       [-2.31274264e-01],
       [ 9.91428350e-01],
       [-3.83218355e-01],
       [-6.51213383e-01],
       [-8.32933694e-01],
       [-4.87425561e-01],
       [-4.06349628e-01],
       [ 1.18348157e+00],
       [ 4.48298373e-01],
       [-2.23773818e-01],
       [ 8.99604392e-01],
       [-5.94992688e-01],
       [ 3.38245945e-01],
       [ 8.45939448e-01],
       [ 7.08314543e-01],
       [-1.38578585e-01],
       [-6.43118329e-01],
       [-4.40243473e-01],
       [-2.23241219e-02],
       [-6.36815909e-01],
       [ 7.16181970e-01],
       [ 1.92552469e-01],
       [ 9.94615137e-01],
       [-3.69902140e-01],
       [ 1.17705898e+00],
       [-1.04920512e+00],
       [-4.93230871e-01],
       [-9.18397852e-01],
       [ 5.14067255e-01],
       [-1.65553446e-01],
       [-6.30429984e-02],
       [-6.65276343e-01],
       [ 3.29043282e-01],
       [-3.04017045e-01],
       [-6.45595661e-01],
       [-6.97171646e-01],
       [ 7.43103605e-01],
       [ 9.15571744e-01],
       [ 3.30103235e-01],
       [ 1.00733535e+00],
       [-8.01249406e-01],
       [ 8.01985550e-01],
       [-2.26290399e-02],
       [ 1.73581163e-01],
       [-1.88589802e-01],
       [-1.34882581e+00],
       [ 6.05119941e-03],
       [ 8.24899200e-01],
       [-2.53279170e-01],
       [ 1.12551484e-01],
       [-3.04321591e-01],
       [-8.92409147e-01],
       [-7.44813871e-02],
       [-1.14718337e+00],
       [ 6.36472306e-01],
       [-3.10109322e-01],
       [ 3.34122987e-01],
       [-6.59916476e-01],
       [-7.43117005e-01],
       [-2.39078227e-01],
       [-5.31107079e-02],
       [-2.80550163e-01],
       [ 9.37105962e-01],
       [-1.73858381e-01],
       [-6.18441475e-01],
       [-3.53483146e-01],
       [-7.23119467e-01],
       [ 2.32262693e-01],
       [-7.44988794e-01],
       [-2.11918753e-02],
       [-1.05297337e+00],
       [ 1.77262283e-01],
       [ 9.98245994e-02],
       [ 4.39048541e-01],
       [-1.06087114e-01],
       [-2.20508094e-03],
       [ 6.95091989e-01],
       [ 1.82912563e-01],
       [ 1.98587773e-01],
       [ 7.28505638e-01],
       [-1.73752469e-01],
       [ 1.15759588e+00],
       [-4.50092111e-02],
       [ 5.36814593e-03],
       [-3.25738015e-01],
       [-5.75649246e-01],
       [ 1.80426969e-02],
       [ 4.47618315e-01],
       [ 7.61292753e-01],
       [-8.94943545e-02],
       [ 5.93541945e-01],
       [ 2.43141862e-01],
       [ 4.61868543e-01],
       [ 6.51424396e-01],
       [-1.06765640e-02],
       [-3.88348765e-03],
       [ 3.66885892e-01],
       [-1.43651666e-01],
       [ 1.48120224e-01],
       [-2.07478930e-01],
       [-6.27467248e-02],
       [-1.54973648e-01],
       [-6.98953209e-01],
       [ 7.69962096e-01],
       [ 1.73779984e-01],
       [-2.98511269e-02],
       [-3.56618198e-01],
       [ 8.33516837e-01],
       [ 4.89056071e-01],
       [-1.20339207e+00],
       [ 9.63622893e-02],
       [ 1.15297050e-01],
       [-4.79433088e-01],
       [ 3.82685660e-02],
       [ 5.04938833e-01],
       [ 3.05780008e-01],
       [-1.51440456e-01],
       [ 9.23474265e-01],
       [-6.44869721e-01],
       [-1.00326484e+00],
       [ 5.41108324e-01],
       [ 9.39298905e-01],
       [ 1.67959265e-01],
       [-7.62521506e-01],
       [ 2.84592680e-01],
       [ 5.07442856e-01],
       [-2.43363874e-01],
       [ 3.13505511e-01],
       [ 1.05726381e-01],
       [-6.75118920e-01],
       [ 5.03338917e-01],
       [ 9.45443945e-01],
       [ 2.50052169e-02],
       [-8.93727451e-01],
       [-5.70463590e-01],
       [-3.58571406e-02],
       [-1.02534520e+00],
       [-6.41876432e-01],
       [-2.28494838e-01],
       [ 1.53554229e-01],
       [-3.53640279e-01],
       [ 6.97201257e-01],
       [ 1.76472531e-01],
       [ 8.22036076e-02],
       [-2.70178481e-01],
       [ 5.26167007e-01],
       [ 3.19154727e-01],
       [-1.23322603e-01],
       [ 7.40043579e-01],
       [ 1.41724845e-01],
       [ 2.13656727e-01],
       [ 5.49285209e-01],
       [ 7.57714735e-01],
       [-1.25418770e+00],
       [-9.57413381e-01],
       [-9.28648824e-01],
       [ 4.20948692e-01],
       [-7.91560624e-01],
       [-3.22924901e-01],
       [ 1.43588914e-01],
       [-1.22582912e-01],
       [-3.71343432e-01],
       [-9.60007566e-01],
       [-6.11265682e-01],
       [-4.49548919e-01],
       [ 2.25853197e-01],
       [-5.22977923e-01],
       [ 4.53122106e-01],
       [-6.27242656e-01],
       [ 1.04541406e-01],
       [ 7.05469732e-02],
       [-8.88187249e-01],
       [-8.99757651e-02],
       [ 5.72032591e-01],
       [-7.35327171e-01],
       [-4.27693552e-01],
       [ 3.73798961e-01],
       [ 1.93586221e-01],
       [-1.11059861e-01],
       [-4.56829970e-01],
       [ 9.76587413e-01],
       [-7.76925615e-01],
       [ 1.02092187e-01],
       [-8.48786295e-01],
       [ 3.32194732e-01],
       [-6.32949311e-01],
       [ 1.24195153e-01],
       [-2.73624303e-01],
       [ 2.41457498e-01],
       [-7.80697307e-01],
       [-1.63615177e-01],
       [-4.85169386e-01],
       [-7.34720898e-01],
       [-1.09673682e-01],
       [ 1.18515285e-01],
       [-6.05169347e-01],
       [ 6.55976788e-02],
       [ 5.22553683e-01],
       [ 4.06756030e-01],
       [-1.64845696e-01],
       [-2.57913204e-02],
       [-7.58468026e-02],
       [-2.51516079e-02],
       [-1.40209959e-02],
       [ 1.58840502e-02],
       [-3.77332627e-01],
       [-5.01303343e-01],
       [ 3.19862931e-02],
       [-5.25492093e-01],
       [ 7.25719508e-01],
       [-8.25264223e-01],
       [ 2.20193398e-01],
       [ 2.00107849e-01],
       [-2.39204230e-02],
       [-8.07585679e-01],
       [ 5.67037275e-01],
       [ 2.92763096e-01],
       [-2.02041812e-01],
       [ 5.13660139e-02],
       [ 5.71028908e-01],
       [-9.78224266e-01],
       [ 6.77804979e-01],
       [-2.37031379e-01],
       [-2.78996342e-01],
       [ 2.22734424e-01],
       [-1.74951622e-02],
       [ 3.70101554e-01],
       [-3.56143326e-01],
       [ 6.26663267e-01],
       [ 6.59817618e-01],
       [ 2.75417879e-01],
       [-5.84499228e-01],
       [-9.29521178e-02],
       [-3.27872178e-01],
       [-7.82519045e-01],
       [ 3.82543890e-01],
       [-1.26882785e-01],
       [ 6.59311436e-01],
       [ 3.69912779e-01],
       [-7.11318515e-01],
       [ 3.50996817e-02],
       [ 1.20496254e+00],
       [ 1.37468661e-01],
       [ 4.20852501e-02],
       [-1.85193006e-01],
       [-2.55986914e-01],
       [ 1.56467647e-01],
       [ 3.37925174e-01],
       [ 2.08737617e-01],
       [-1.66137621e-01],
       [ 2.20663886e-01],
       [-2.45703238e-01],
       [-4.76332646e-01],
       [-1.11716861e-01],
       [-2.36485679e-01],
       [-8.76327126e-02],
       [ 6.20855202e-01],
       [-1.22584726e-01],
       [ 6.73939254e-02],
       [-9.81164366e-02],
       [ 5.76300096e-01],
       [ 6.38255549e-01],
       [ 1.61011141e-01],
       [ 2.03883793e-01],
       [-5.83547570e-01],
       [-1.83834040e-01],
       [-3.70113264e-01],
       [-6.51645020e-02],
       [ 1.01922490e-01],
       [-1.42742508e-01],
       [ 1.55296498e-01],
       [-9.81657684e-01],
       [-6.29883466e-01],
       [ 9.92519765e-02],
       [ 1.14797834e-01],
       [-1.39234133e-01],
       [-9.81479867e-02],
       [-1.84255027e-01],
       [ 1.14842656e-01],
       [ 2.88989337e-05],
       [-1.73279362e-01],
       [-6.60199298e-02],
       [-3.46217488e-01],
       [-1.87046920e-01],
       [ 3.10427804e-02],
       [-6.13655933e-01],
       [-1.03014385e-01],
       [ 5.07025676e-01],
       [-3.01212335e-01],
       [ 7.99172506e-01],
       [-1.07571591e-01],
       [-6.77753777e-01],
       [ 3.68755730e-01],
       [-1.36222548e-01],
       [ 4.09348995e-04],
       [-7.37717244e-01],
       [ 5.42050600e-01],
       [-5.77760023e-02],
       [ 2.18217034e-02],
       [ 4.28900703e-04],
       [-6.26950516e-02],
       [ 3.58558039e-02],
       [-1.20691834e-01],
       [ 5.58419691e-01],
       [-2.75360346e-01],
       [-6.93867477e-01],
       [ 5.70507547e-01],
       [ 2.16960006e-01],
       [-6.87641323e-01],
       [ 2.37090741e-01],
       [-2.45035850e-01],
       [ 3.05306967e-01],
       [ 1.62134287e-01],
       [-2.67140686e-01],
       [-4.33132926e-03],
       [-1.91073591e-01],
       [-9.85026832e-02],
       [-1.50663963e-01],
       [ 1.31151480e-01],
       [-2.02057562e-01],
       [-3.80832347e-01],
       [-6.00938575e-02],
       [-7.00560441e-02],
       [-1.02054859e-01],
       [ 4.31071773e-01],
       [ 1.25692781e-01],
       [ 4.01909942e-01],
       [-4.16763838e-01],
       [ 1.41593210e-03],
       [-2.65823204e-01],
       [ 8.66318872e-01],
       [ 4.46062815e-01],
       [-2.35151240e-01],
       [ 6.30310395e-01],
       [-5.73240983e-01],
       [-3.48884799e-01],
       [-1.22804392e-01],
       [-3.07310330e-01],
       [ 2.23224607e-01],
       [-2.13158307e-01],
       [-2.35628672e-01],
       [-5.52317215e-02],
       [-8.02354500e-02],
       [ 8.31825640e-01],
       [ 5.15786796e-01],
       [ 5.08437866e-01],
       [-4.80997171e-02],
       [-9.05962704e-02],
       [ 1.47911766e-01],
       [-4.84760863e-02],
       [-1.51173749e-01],
       [ 2.05182553e-01],
       [-8.62949232e-01],
       [-4.51731198e-01],
       [-2.40615453e-01],
       [-2.85920190e-01],
       [-4.15575316e-01],
       [-6.16160654e-01],
       [-2.10322473e-03],
       [ 6.38255564e-01],
       [ 8.42557145e-02],
       [-3.30717461e-01],
       [ 1.35474260e-01],
       [ 9.59401080e-02],
       [-7.46534066e-02],
       [-1.75401286e-01],
       [-3.88260070e-02],
       [ 1.00198916e-01],
       [ 1.22666756e-01],
       [-5.23939000e-01],
       [ 1.03287610e-01],
       [-5.18245568e-02],
       [ 4.75674110e-01],
       [-3.52335531e-01],
       [ 7.87214685e-02],
       [-5.18203528e-01],
       [-3.70096214e-01],
       [ 2.53346216e-01],
       [ 1.98289058e-01],
       [-6.05299332e-01],
       [-5.08174045e-01],
       [-7.09500382e-01],
       [-9.83938973e-01],
       [ 2.50081282e-01],
       [ 3.74459531e-02],
       [ 2.30875711e-01],
       [ 1.46690113e-01],
       [ 2.39991861e-02],
       [ 2.77878995e-01],
       [ 8.17721572e-02],
       [ 6.49428843e-01],
       [ 2.69921760e-01],
       [-7.70070501e-02],
       [ 2.16743468e-01],
       [-3.41203652e-02],
       [-1.97335307e-01],
       [-4.42662304e-01],
       [ 1.06616331e-01],
       [-3.13678596e-01],
       [ 4.04293589e-02],
       [ 2.81283633e-01],
       [-3.31978113e-02],
       [-1.06702478e-01],
       [-6.13078969e-01],
       [ 3.59701581e-01],
       [-1.96112662e-01],
       [-3.92824413e-01],
       [-5.42308005e-03],
       [ 8.00449112e-02],
       [-7.19710794e-02],
       [ 3.20836575e-01],
       [ 1.29575240e-01],
       [-1.90710239e-01],
       [ 5.69937976e-02],
       [ 3.75302529e-02],
       [ 7.63809022e-02],
       [-7.97394094e-02],
       [ 8.21611318e-02],
       [ 9.48431640e-02],
       [-3.16247576e-01],
       [ 4.71667883e-02]])>","<Parameter: name=identity, dtype=float64, shape=[500, 1], fn=""identity"", numpy=
array([[ 6.32772289e-02],
       [ 4.17176941e-01],
       [ 6.96249042e-02],
       [ 6.45718463e-01],
       [ 5.76571595e-01],
       [-1.64541402e-01],
       [-4.54947964e-02],
       [ 1.45942281e-01],
       [-7.92541147e-01],
       [-6.11049338e-01],
       [ 1.12494950e+00],
       [ 5.19479182e-01],
       [ 4.44564509e-01],
       [ 2.15214513e-01],
       [ 3.75604386e-01],
       [ 3.18512333e-01],
       [ 3.96381850e-01],
       [ 3.92479571e-01],
       [ 2.29875911e-01],
       [ 7.30538363e-01],
       [-3.95978357e-01],
       [-1.14266857e+00],
       [-2.27556324e-01],
       [ 1.19788430e+00],
       [-1.23748510e+00],
       [ 7.58444318e-02],
       [-1.12512648e+00],
       [-7.36606825e-02],
       [ 6.17392662e-02],
       [ 3.61601219e-01],
       [ 9.80078469e-01],
       [ 5.50806992e-01],
       [-1.94184764e-01],
       [-3.05597960e-01],
       [ 8.18288054e-01],
       [-4.98242649e-01],
       [-7.37911994e-01],
       [-6.89322522e-01],
       [ 7.12259224e-01],
       [ 4.80731585e-01],
       [ 4.82330385e-01],
       [ 1.44462076e-01],
       [-9.09101479e-01],
       [-2.67421657e-01],
       [ 9.83264240e-01],
       [ 6.00320025e-01],
       [-9.02865683e-02],
       [ 1.86637833e-01],
       [-4.29594883e-01],
       [-9.57841949e-01],
       [-6.93470162e-01],
       [-7.59695254e-01],
       [ 2.54684358e-01],
       [ 9.51022552e-01],
       [-4.32371065e-01],
       [-1.27368309e-01],
       [-7.88032814e-01],
       [-6.81980062e-01],
       [-8.85779586e-01],
       [ 2.48759744e-01],
       [-2.31171955e-01],
       [ 1.17834520e-01],
       [-7.36493726e-01],
       [-5.82230107e-01],
       [-4.82136321e-01],
       [-1.39964998e-01],
       [-8.26389317e-01],
       [-1.34185408e-03],
       [ 4.42500914e-01],
       [ 3.08386001e-01],
       [-1.96118236e-01],
       [-1.24156883e+00],
       [ 8.93382178e-01],
       [-5.08092860e-02],
       [ 5.96001098e-02],
       [-2.41350430e-01],
       [-4.74485943e-01],
       [ 5.19586691e-01],
       [ 8.08234307e-01],
       [ 4.37663450e-01],
       [ 9.67966970e-01],
       [ 5.37695288e-01],
       [-7.20192803e-01],
       [ 6.47402282e-02],
       [-2.21891908e-01],
       [-3.15572839e-01],
       [-4.72010783e-01],
       [ 4.99226663e-01],
       [-6.18809849e-01],
       [-3.48886874e-01],
       [-3.78541797e-01],
       [-5.57206606e-01],
       [-3.48776483e-01],
       [-5.25080343e-01],
       [-2.53512373e-01],
       [-1.00384251e+00],
       [ 2.50084602e-01],
       [-8.12390996e-01],
       [-2.04978217e-01],
       [-4.21798424e-01],
       [ 2.59785952e-01],
       [-4.24295412e-01],
       [-1.53269905e-01],
       [-4.80315851e-01],
       [-1.53405580e-01],
       [-1.36219274e-01],
       [-4.30019275e-01],
       [ 3.99616659e-01],
       [ 9.91719673e-02],
       [-1.00682374e+00],
       [ 4.24368654e-01],
       [-4.30804200e-01],
       [-6.13160715e-01],
       [-1.95305497e-01],
       [ 4.39039891e-02],
       [-4.34852826e-03],
       [ 6.39794395e-01],
       [-1.06765816e+00],
       [ 7.22187073e-01],
       [-4.97940753e-01],
       [-3.83653017e-01],
       [ 3.49269384e-01],
       [ 1.19530907e-01],
       [-4.68824448e-01],
       [-8.66519111e-03],
       [-9.66731260e-01],
       [ 4.57236915e-01],
       [ 1.07955721e+00],
       [ 6.38120007e-01],
       [-3.72678067e-01],
       [-4.31621222e-01],
       [-8.45242707e-02],
       [ 6.46755766e-01],
       [-3.71116783e-01],
       [ 3.35598974e-01],
       [-2.28033634e-01],
       [-3.20111564e-01],
       [-3.04223912e-02],
       [ 4.73514143e-01],
       [-1.56158255e-02],
       [-2.98638701e-01],
       [ 8.54018963e-01],
       [ 9.15521146e-01],
       [-2.61241017e-01],
       [ 4.55293457e-01],
       [-2.09883940e-01],
       [ 2.89490793e-01],
       [ 2.20609792e-01],
       [-1.41766044e-01],
       [ 1.03509990e-01],
       [-1.36279792e-01],
       [ 4.06859937e-01],
       [-6.79276312e-01],
       [ 8.68503138e-01],
       [-1.91091254e-01],
       [-1.17516394e-01],
       [ 1.19813624e-01],
       [ 1.52692702e-01],
       [-1.43546775e-01],
       [-6.34823476e-01],
       [-3.49077172e-01],
       [-4.79728846e-01],
       [-2.88708512e-01],
       [ 2.04067357e-01],
       [ 4.01774357e-01],
       [-5.68530203e-01],
       [-1.21224005e-01],
       [ 5.03296546e-01],
       [ 2.96392506e-01],
       [ 5.50681438e-01],
       [-7.89215835e-01],
       [ 3.07540224e-01],
       [-8.19397253e-01],
       [ 1.38029998e-01],
       [ 9.50004793e-01],
       [ 2.33768505e-01],
       [-3.84831315e-01],
       [-7.68247169e-02],
       [-8.74440645e-02],
       [-7.29008131e-01],
       [-4.23251240e-02],
       [-5.77529345e-01],
       [-3.11109131e-02],
       [ 7.80818120e-01],
       [ 3.77201609e-02],
       [-1.48960963e-01],
       [-4.63829562e-01],
       [-5.75803052e-01],
       [-3.55640635e-01],
       [ 2.15442597e-01],
       [ 1.91893136e-01],
       [-2.37005520e-01],
       [-1.37324749e-01],
       [ 1.56680852e-01],
       [-7.64338452e-01],
       [-2.19698866e-01],
       [-7.89483477e-02],
       [-2.77978031e-01],
       [ 2.90602354e-01],
       [-1.19972979e-01],
       [-3.20694977e-01],
       [ 7.05895090e-01],
       [ 3.97231179e-01],
       [-1.51175692e-01],
       [ 3.19444531e-01],
       [ 5.33500313e-01],
       [-7.09061736e-02],
       [-9.85645833e-02],
       [ 5.69592095e-01],
       [ 1.90566179e-01],
       [-3.95246379e-01],
       [-1.39205418e-01],
       [ 5.45188194e-01],
       [ 2.02086598e-01],
       [-2.04659578e-01],
       [ 1.84196899e-01],
       [-6.96514538e-01],
       [ 1.44091004e-01],
       [-8.25274794e-01],
       [ 5.62765245e-01],
       [-6.61179744e-01],
       [-4.11161273e-01],
       [-7.59312372e-01],
       [-1.60768591e-01],
       [ 2.73646857e-01],
       [-3.47744571e-01],
       [ 8.00255167e-01],
       [-2.27360639e-01],
       [ 1.85290014e-01],
       [-2.04989977e-02],
       [-3.15119626e-01],
       [-9.90898451e-02],
       [-3.37252892e-01],
       [-3.36861511e-02],
       [-3.90410805e-01],
       [ 2.06234629e-02],
       [-1.10414723e-01],
       [ 1.56884472e-01],
       [-9.85335805e-02],
       [ 1.17526853e-01],
       [ 4.87430887e-01],
       [ 2.48767360e-01],
       [ 3.36019939e-01],
       [-3.86802171e-01],
       [ 2.88562133e-01],
       [ 6.46356134e-01],
       [ 2.97011810e-02],
       [ 1.58162156e-01],
       [-6.99356741e-01],
       [-1.58802423e-01],
       [ 5.20417827e-01],
       [ 1.73612172e-01],
       [ 1.38475002e-03],
       [-6.51754475e-01],
       [-3.36223700e-01],
       [ 4.15990116e-01],
       [ 2.67558574e-01],
       [ 1.61237807e-01],
       [ 4.16621280e-01],
       [ 4.51332474e-02],
       [ 6.18862075e-01],
       [-1.63180055e-01],
       [ 4.28462683e-01],
       [ 3.55427018e-01],
       [ 5.20283485e-01],
       [ 1.82656812e-01],
       [-5.72758148e-01],
       [-7.02729108e-01],
       [-2.56797596e-01],
       [-4.30092024e-01],
       [ 3.46141540e-01],
       [ 4.74308901e-03],
       [-3.81259157e-01],
       [-5.22706621e-02],
       [ 1.86084524e-01],
       [-1.54628395e-01],
       [-5.26556470e-01],
       [-2.01603905e-01],
       [ 1.62483007e-02],
       [-2.62262644e-01],
       [-6.12197020e-02],
       [-5.18089913e-01],
       [-1.05641720e-01],
       [ 3.52208815e-01],
       [ 1.97473748e-01],
       [-6.14835211e-02],
       [-4.36601950e-01],
       [ 2.21334674e-02],
       [ 1.68449057e-02],
       [-4.71680693e-01],
       [-2.96530395e-01],
       [-1.69524606e-02],
       [ 1.43250050e-01],
       [-1.59917771e-01],
       [-2.50536403e-02],
       [-1.80199233e-01],
       [-3.19445314e-01],
       [ 2.28008586e-01],
       [ 9.76422606e-02],
       [-2.00390815e-01],
       [-3.41176363e-03],
       [ 2.49019810e-03],
       [-3.47466494e-01],
       [ 6.52824980e-02],
       [ 3.74260945e-01],
       [-1.35365302e-01],
       [-1.99669831e-01],
       [ 1.17641221e-01],
       [-4.63772541e-01],
       [-7.87199214e-01],
       [-4.51230287e-01],
       [ 3.13454718e-01],
       [ 6.92712857e-03],
       [ 7.59896607e-01],
       [ 1.57816683e-01],
       [-7.25739940e-03],
       [-4.70960227e-01],
       [-2.56085133e-04],
       [-2.40955576e-04],
       [ 3.94217820e-01],
       [ 5.17864231e-01],
       [-1.08102085e-01],
       [ 2.47151781e-01],
       [-3.08066404e-02],
       [-3.31645898e-02],
       [ 3.24274902e-01],
       [-3.13251479e-01],
       [-3.17804511e-02],
       [ 1.11725492e-01],
       [-5.23134219e-01],
       [-5.05136986e-01],
       [ 4.20039083e-01],
       [ 2.01486652e-01],
       [ 1.52783667e-01],
       [ 9.82589411e-02],
       [-3.49561077e-01],
       [-3.11931962e-01],
       [ 2.41199917e-03],
       [-7.65594963e-01],
       [-9.15790265e-03],
       [-1.25239312e-02],
       [ 1.32469717e-02],
       [ 3.45419397e-02],
       [-4.43147440e-01],
       [ 1.79223689e-01],
       [-2.60499139e-01],
       [-9.63250791e-02],
       [-8.30569541e-01],
       [-6.40131532e-01],
       [-2.65341230e-01],
       [ 1.28817883e-01],
       [ 2.98451647e-01],
       [-1.74110708e-01],
       [-1.93764916e-01],
       [-2.34907110e-01],
       [ 4.82380489e-01],
       [-9.54790923e-02],
       [-2.36905860e-01],
       [ 1.19027796e-01],
       [-6.27884955e-01],
       [-8.17553930e-02],
       [ 3.41103582e-01],
       [ 4.14760054e-02],
       [ 1.13683437e-01],
       [-1.84415819e-02],
       [-2.27065201e-02],
       [-1.12672605e-01],
       [-2.02413200e-03],
       [ 1.97301495e-01],
       [-2.77516879e-01],
       [ 2.35835029e-01],
       [ 8.40201712e-02],
       [-1.77741865e-01],
       [-1.76522086e-02],
       [-4.07647451e-02],
       [-6.28796991e-02],
       [ 2.04461239e-01],
       [-1.36783097e-01],
       [ 1.96504964e-01],
       [-2.38902446e-02],
       [ 2.19880679e-02],
       [ 1.54252041e-01],
       [ 4.98868628e-01],
       [-1.43854766e-01],
       [ 4.92332835e-01],
       [-1.74125854e-01],
       [-1.64804392e-01],
       [-2.16735530e-01],
       [-6.11732515e-02],
       [-1.27629114e-03],
       [-6.33159182e-01],
       [-4.70669345e-01],
       [ 4.48130133e-01],
       [-5.19056482e-02],
       [ 4.44551945e-02],
       [-1.56054140e-01],
       [-3.02987833e-01],
       [-6.13131237e-02],
       [-8.17762728e-02],
       [-7.41621711e-02],
       [-7.79090633e-02],
       [ 1.77592666e-01],
       [ 1.70169132e-01],
       [ 2.11243216e-01],
       [-2.91305788e-02],
       [-2.97475040e-01],
       [-2.61265417e-01],
       [ 1.68047999e-02],
       [-1.51661162e-02],
       [ 2.34272583e-01],
       [ 3.31375264e-02],
       [ 7.67596358e-01],
       [-4.53376329e-01],
       [ 1.50919680e-01],
       [ 2.27976705e-01],
       [-4.13009799e-02],
       [-2.24578214e-01],
       [ 4.47817786e-02],
       [-2.95935354e-01],
       [-9.07457975e-02],
       [-7.21963385e-02],
       [-4.55112967e-01],
       [-7.18915321e-02],
       [ 7.00668757e-02],
       [ 2.43213160e-01],
       [ 2.44443612e-01],
       [-2.02148289e-01],
       [-2.63551186e-01],
       [-3.38125423e-01],
       [-1.00079665e-02],
       [-3.43867055e-04],
       [ 8.93602571e-02],
       [ 2.84062302e-01],
       [-1.48030604e-01],
       [-5.30011813e-02],
       [ 1.65196442e-01],
       [-2.69983283e-01],
       [ 3.39579432e-02],
       [ 1.45685813e-01],
       [-1.52391172e-01],
       [-1.50927380e-01],
       [-3.81649873e-02],
       [ 3.11930501e-01],
       [-4.03698910e-01],
       [ 5.25411917e-03],
       [-2.25706596e-01],
       [-3.05493647e-01],
       [-2.64357548e-01],
       [ 3.47670482e-01],
       [-6.35773062e-02],
       [-1.92755712e-01],
       [ 3.02828697e-01],
       [-7.62559565e-02],
       [ 1.51431992e-02],
       [ 8.53198309e-03],
       [-1.88617571e-02],
       [ 1.11808950e-01],
       [ 3.49753307e-01],
       [-1.59532899e-02],
       [ 2.38941392e-01],
       [-4.58818820e-01],
       [ 5.84228705e-02],
       [-4.59092765e-04],
       [ 8.94788348e-02],
       [-1.95028388e-01],
       [ 9.05478743e-02],
       [-8.60022984e-02],
       [ 4.69914431e-01],
       [ 3.47329179e-01],
       [-1.49650807e-01],
       [ 1.33748674e-01],
       [ 5.05202076e-01],
       [-1.41370185e-01],
       [-4.19883708e-01],
       [-1.22760341e-02],
       [-1.59654981e-01],
       [-1.61446728e-01],
       [-3.98529028e-01],
       [-4.37143263e-01],
       [ 1.29758362e-01],
       [ 1.50687566e-01],
       [-6.23722812e-02],
       [-5.36888409e-03],
       [-1.74495133e-01],
       [-1.01106288e-02],
       [ 2.74503703e-01],
       [-3.57459606e-01],
       [-6.77402454e-02],
       [ 4.40502447e-01],
       [ 1.66182081e-01],
       [-6.14884830e-02],
       [ 1.22110261e-01],
       [-1.19673657e-01],
       [-1.03936790e-01],
       [ 2.21927971e-01],
       [-2.14446260e-04],
       [ 8.10766206e-02],
       [ 1.19944223e-01],
       [-7.04629783e-02],
       [-9.39081546e-02]])>","<Parameter: name=identity, dtype=float64, shape=[500, 1], fn=""identity"", numpy=
array([[ 8.11366902e-02],
       [-4.40280948e-01],
       [ 4.10117240e-01],
       [-5.54346596e-01],
       [ 3.98914501e-01],
       [ 1.19204115e-01],
       [ 5.28298653e-01],
       [ 2.67321048e-01],
       [-7.72688712e-03],
       [ 4.27062674e-01],
       [ 2.54984984e-01],
       [ 8.64182725e-01],
       [-1.33349053e+00],
       [ 6.65859242e-01],
       [ 1.16164753e+00],
       [ 3.07821295e-01],
       [ 8.18245947e-01],
       [-1.32143357e-01],
       [-2.86936170e-01],
       [-1.11249368e+00],
       [-2.92826725e-01],
       [-1.02501377e+00],
       [-8.16939136e-01],
       [ 4.72201189e-01],
       [-1.25790781e+00],
       [ 5.13359168e-01],
       [ 5.27148137e-01],
       [-2.42291673e-02],
       [ 5.89451247e-01],
       [-7.11342026e-01],
       [ 6.20075371e-01],
       [ 6.20707728e-01],
       [ 4.72154451e-01],
       [-1.00140309e+00],
       [-9.74195332e-01],
       [ 6.68466079e-01],
       [-7.24242613e-02],
       [-1.69629037e-01],
       [ 1.14720925e+00],
       [ 1.51704203e-01],
       [ 9.77570024e-02],
       [-4.24151697e-01],
       [-8.98618910e-01],
       [-3.99959705e-01],
       [ 1.20080953e+00],
       [ 4.57566505e-01],
       [ 2.77276359e-03],
       [-8.92784916e-01],
       [-5.01037488e-01],
       [-5.43517499e-01],
       [ 1.24730120e+00],
       [-6.18405553e-01],
       [-3.76018276e-01],
       [ 1.02606627e-02],
       [-5.20276626e-01],
       [ 5.17204275e-01],
       [ 5.52349279e-01],
       [ 1.22768090e-02],
       [ 3.48422584e-01],
       [-2.84946541e-01],
       [ 4.35129590e-01],
       [-4.55688403e-01],
       [-4.72080257e-01],
       [-1.11316800e+00],
       [-9.98368389e-02],
       [-4.89981528e-01],
       [-1.80367021e-01],
       [-1.49998148e-01],
       [-5.61814395e-01],
       [ 1.08596919e+00],
       [ 8.52104317e-02],
       [ 4.56514466e-01],
       [-5.98293621e-01],
       [ 1.30585752e-01],
       [-2.43482440e-01],
       [-2.77578490e-02],
       [ 2.87289083e-01],
       [ 1.23439724e+00],
       [ 2.70970639e-01],
       [-5.69314311e-01],
       [-2.89188807e-01],
       [-5.25818928e-01],
       [-1.11726071e+00],
       [ 9.10780628e-01],
       [ 1.10215537e+00],
       [-5.89873741e-01],
       [ 1.42081390e-03],
       [-2.57905652e-02],
       [ 9.08199996e-01],
       [ 1.71449188e-01],
       [-5.03998584e-01],
       [-7.31017668e-02],
       [ 4.60994272e-01],
       [-2.69474556e-01],
       [ 5.14739410e-02],
       [ 2.68306246e-01],
       [-7.27931561e-01],
       [ 2.00736181e-01],
       [ 5.10009317e-01],
       [ 6.19650586e-01],
       [ 6.95908329e-01],
       [-4.37151874e-01],
       [-1.27600675e-01],
       [-1.62445399e-01],
       [-5.35647634e-01],
       [-4.70501653e-01],
       [-2.13453149e-01],
       [-7.41350780e-01],
       [-4.45030626e-01],
       [ 2.82771764e-01],
       [-5.15932657e-01],
       [ 2.85673984e-01],
       [ 4.05374054e-01],
       [-4.69660670e-01],
       [-1.22698056e-01],
       [-1.50209351e-01],
       [ 8.49354405e-01],
       [-2.19538139e-01],
       [ 3.79891815e-02],
       [ 9.22572454e-02],
       [ 7.05232563e-01],
       [-2.23283094e-01],
       [ 6.57654917e-01],
       [ 4.09285190e-01],
       [ 6.94848395e-01],
       [-2.55526616e-01],
       [-7.65610934e-01],
       [-2.87706496e-01],
       [ 7.75967615e-01],
       [-6.72250611e-01],
       [ 1.13626115e-01],
       [-3.15884095e-01],
       [-3.50618041e-01],
       [-4.39341693e-01],
       [ 2.39560477e-01],
       [ 6.52607073e-01],
       [ 7.27007611e-01],
       [-9.10203463e-01],
       [-5.53688708e-02],
       [-3.99903182e-01],
       [ 2.92730571e-01],
       [ 5.42256871e-01],
       [ 6.25068561e-01],
       [ 8.41330062e-01],
       [-2.21852036e-02],
       [ 6.99446993e-01],
       [-5.13440806e-01],
       [ 3.41150107e-02],
       [-6.96325489e-01],
       [ 7.31350250e-01],
       [-4.47553686e-02],
       [ 3.31617380e-01],
       [ 2.12703590e-01],
       [-3.76814761e-01],
       [-2.40461077e-01],
       [-6.54950595e-01],
       [-2.45948585e-01],
       [ 7.00849195e-01],
       [-2.52596740e-01],
       [-8.97630985e-01],
       [ 2.94535910e-01],
       [-6.15030438e-01],
       [-5.45663117e-01],
       [ 1.88881186e-01],
       [ 1.78781913e-01],
       [-3.86903085e-01],
       [ 2.96924457e-01],
       [ 6.48682351e-01],
       [ 5.49860188e-01],
       [ 2.93555686e-01],
       [-3.30045911e-01],
       [-1.71313938e-01],
       [ 4.23931046e-01],
       [ 2.21039464e-01],
       [ 1.46797599e-01],
       [-8.47772539e-01],
       [ 4.85654297e-02],
       [ 8.89473384e-02],
       [-3.14333800e-01],
       [ 5.56322174e-01],
       [-1.33501180e-01],
       [ 9.99955931e-01],
       [ 3.05540421e-01],
       [ 1.73342330e-01],
       [ 2.58804670e-02],
       [-2.61164580e-01],
       [ 3.69645740e-01],
       [-4.24814391e-01],
       [-1.78480799e-01],
       [-1.63016978e-01],
       [ 4.33058870e-01],
       [-4.51574997e-01],
       [-4.58136349e-01],
       [-8.60242763e-01],
       [-7.61039791e-01],
       [-5.40374719e-01],
       [ 8.06263810e-02],
       [ 3.92750757e-01],
       [-7.04173748e-01],
       [-3.28695787e-01],
       [-3.17243321e-02],
       [ 7.03385492e-01],
       [-4.43181632e-01],
       [-1.09723132e-01],
       [ 1.53131501e-01],
       [-9.55102374e-01],
       [ 4.15822312e-01],
       [-6.44239589e-01],
       [-1.09895080e-01],
       [ 3.70970185e-01],
       [-3.88621125e-01],
       [-2.13146418e-01],
       [ 9.17966638e-01],
       [-7.98895927e-01],
       [-4.07198034e-01],
       [ 9.34514983e-01],
       [-4.12742423e-01],
       [-1.59004649e-01],
       [ 7.26409299e-01],
       [-3.42313586e-01],
       [-2.37265662e-01],
       [ 2.67552536e-02],
       [ 8.62860480e-01],
       [ 4.10683954e-01],
       [-7.32966734e-01],
       [ 1.30664408e-01],
       [-5.74049809e-02],
       [-5.30193083e-01],
       [ 3.20568896e-01],
       [ 7.31331436e-02],
       [ 1.92015504e-01],
       [-2.81078385e-01],
       [ 1.27126603e-01],
       [ 2.72088683e-01],
       [-1.78125181e-01],
       [-3.15747291e-01],
       [ 3.95592510e-01],
       [ 4.17342402e-02],
       [-8.28755019e-01],
       [-6.24115406e-01],
       [ 5.87925260e-01],
       [ 5.58308094e-01],
       [ 5.68991946e-02],
       [-6.09085959e-01],
       [-3.90007275e-01],
       [-9.85377815e-01],
       [-4.65006187e-01],
       [-7.01263007e-01],
       [ 1.47484320e-01],
       [-4.90504240e-01],
       [-2.89888340e-01],
       [-1.44732185e-01],
       [-4.71283369e-01],
       [-1.80923311e-01],
       [-6.08767508e-01],
       [ 3.07425239e-01],
       [ 5.56224592e-02],
       [ 8.46188985e-02],
       [-6.83378521e-01],
       [-5.79585087e-01],
       [-4.43904922e-01],
       [-2.24567371e-01],
       [-2.74747508e-01],
       [-1.21029723e-01],
       [-1.44521708e-01],
       [-3.05762766e-01],
       [-1.30356132e-02],
       [-3.02782471e-01],
       [ 3.17439447e-02],
       [-6.88675143e-01],
       [ 2.17354086e-01],
       [ 7.90696430e-01],
       [-6.39762547e-02],
       [ 1.30144272e-01],
       [-4.66571313e-01],
       [-4.58173696e-02],
       [ 4.11282614e-01],
       [-1.92233691e-04],
       [-2.05488504e-01],
       [-2.64965798e-01],
       [ 7.43849395e-01],
       [-1.23767599e-02],
       [ 1.07211703e-01],
       [ 3.44410941e-01],
       [ 1.68638388e-01],
       [ 5.13877430e-01],
       [-5.14632398e-01],
       [ 1.91356425e-01],
       [-4.43854765e-01],
       [ 3.30060144e-01],
       [ 7.69572365e-01],
       [-1.01371530e-01],
       [ 5.45757573e-01],
       [ 1.48363025e-01],
       [-1.64211142e-01],
       [ 4.46896690e-01],
       [-5.79764124e-01],
       [ 6.76959473e-01],
       [-6.22805369e-01],
       [ 4.67451308e-01],
       [-3.53730385e-01],
       [ 6.27896125e-02],
       [-6.85257558e-01],
       [ 1.04979309e-02],
       [-3.93331318e-01],
       [ 4.61544164e-01],
       [ 3.35995361e-01],
       [-1.59059538e-01],
       [-1.71907326e-01],
       [-2.26506876e-03],
       [-2.84407481e-01],
       [-5.54492788e-01],
       [-1.65145769e-01],
       [-7.22928528e-01],
       [ 7.82501126e-01],
       [-3.67256388e-03],
       [-2.12899603e-01],
       [-6.11272510e-01],
       [ 6.57567233e-02],
       [-5.82462516e-01],
       [-2.25108039e-01],
       [-1.99936483e-01],
       [-2.95430993e-01],
       [ 4.20501858e-01],
       [-3.01426982e-01],
       [ 2.99675821e-01],
       [-7.37323987e-01],
       [ 6.18288985e-01],
       [ 1.36463404e-01],
       [ 7.23572227e-01],
       [-1.46491948e-01],
       [ 1.46129273e-02],
       [ 3.66608434e-02],
       [ 1.77724070e-01],
       [-9.63230289e-02],
       [ 2.04749550e-01],
       [-7.08003826e-01],
       [-9.02899214e-02],
       [-1.72612362e-01],
       [-8.91277729e-02],
       [-5.28397369e-01],
       [ 4.33870192e-01],
       [ 5.79299880e-01],
       [-7.43861504e-02],
       [-1.81621312e-01],
       [ 1.25528879e-01],
       [-7.70006329e-02],
       [-6.73763850e-01],
       [ 3.47896447e-01],
       [ 6.44278884e-01],
       [ 3.94313781e-01],
       [ 2.94036167e-02],
       [-1.95910655e-01],
       [ 2.36081110e-01],
       [-4.30318599e-04],
       [ 1.04186449e-01],
       [-5.00250874e-01],
       [-2.17008569e-02],
       [-2.19144275e-01],
       [-1.85739751e-01],
       [-7.85572621e-01],
       [ 4.43297962e-01],
       [-1.63901310e-01],
       [-2.84195339e-01],
       [-3.11975761e-01],
       [-1.15176567e-01],
       [-2.06721138e-01],
       [-1.72085520e-01],
       [-6.15973251e-01],
       [ 3.56282737e-01],
       [-1.19853791e-01],
       [ 2.04386147e-02],
       [-1.74997934e-01],
       [-2.27095950e-01],
       [-2.53752026e-01],
       [-1.51554495e-01],
       [-2.30710153e-02],
       [ 2.51397277e-01],
       [ 2.57631812e-01],
       [-5.97085403e-01],
       [ 1.65417577e-01],
       [-5.98416189e-01],
       [-9.08491814e-04],
       [-4.33089581e-01],
       [-1.00179910e-01],
       [ 1.48594356e-01],
       [-4.00191918e-01],
       [-1.13237218e-03],
       [-2.62659516e-02],
       [ 2.87223224e-01],
       [-3.39725605e-02],
       [ 2.88431055e-01],
       [-1.36639013e-02],
       [-1.02261093e-02],
       [-1.12887983e+00],
       [-3.46167943e-01],
       [-1.11191587e-02],
       [ 3.27275936e-01],
       [ 4.75298165e-02],
       [-3.62451712e-02],
       [-4.76972430e-02],
       [ 2.05861462e-02],
       [-3.05479921e-02],
       [-5.02162622e-01],
       [-3.88453420e-01],
       [-2.46976230e-01],
       [-2.40699338e-01],
       [ 5.17869947e-01],
       [-4.99280596e-01],
       [-3.64763166e-01],
       [-1.32387738e-01],
       [-1.82709643e-01],
       [-3.32141926e-02],
       [ 5.86284241e-01],
       [-1.96584657e-02],
       [-9.15356885e-03],
       [ 3.65014464e-01],
       [-6.18191725e-02],
       [ 2.52710586e-02],
       [-1.60813729e-01],
       [-4.06976767e-02],
       [-5.36491327e-01],
       [-1.39239472e-01],
       [ 1.20311107e-01],
       [-8.12290943e-02],
       [ 2.80532027e-01],
       [-6.96013054e-02],
       [-6.27208471e-01],
       [-2.02868098e-01],
       [-1.99706412e-01],
       [-8.68291741e-02],
       [ 4.93480396e-02],
       [ 5.62714732e-03],
       [-3.73176253e-01],
       [ 2.16245863e-02],
       [-2.13830334e-01],
       [ 2.78163093e-01],
       [-2.92495436e-02],
       [ 6.33126831e-02],
       [-1.83243442e-02],
       [ 5.82904292e-02],
       [ 2.61112637e-02],
       [-6.16021798e-01],
       [ 7.57954785e-01],
       [-5.69118190e-01],
       [-4.22575832e-01],
       [-8.96807261e-02],
       [-7.69651855e-02],
       [-1.62263133e-01],
       [-1.02813915e-02],
       [-2.59123837e-01],
       [ 6.66738305e-01],
       [-6.26119485e-02],
       [ 4.69819451e-02],
       [ 2.61123005e-02],
       [ 1.04722006e-01],
       [ 3.41235799e-02],
       [ 1.98363841e-01],
       [ 2.70902024e-01],
       [-1.61833511e-02],
       [-3.57130621e-02],
       [ 2.28239212e-01],
       [ 1.16362694e-01],
       [ 2.10456081e-01],
       [-5.28034627e-01],
       [-4.07463348e-01],
       [-8.89862179e-02],
       [ 4.03387031e-01],
       [-1.14878334e-01],
       [-2.92204861e-01],
       [-3.27657599e-01],
       [ 1.19789615e-01],
       [-2.67046502e-02],
       [-1.14632970e-01],
       [-2.30463999e-01],
       [ 3.47790525e-01],
       [-1.16259602e-01],
       [-2.31597974e-01],
       [ 5.42092001e-01],
       [-8.89429314e-02],
       [-2.73997474e-01],
       [ 5.95438766e-01],
       [ 3.03247762e-01],
       [ 2.56291374e-02],
       [-8.36059783e-02],
       [ 2.97384803e-02],
       [-2.06191088e-01],
       [-2.74910175e-01],
       [ 3.43074854e-02],
       [ 1.45076406e-01],
       [-5.21836786e-02],
       [-2.41550235e-01],
       [-1.09729602e-03],
       [-8.73619867e-01],
       [-1.01262581e-01],
       [ 5.05868827e-01],
       [-3.05183306e-02],
       [-5.43776943e-01],
       [-5.08576719e-02],
       [ 4.24247464e-02]])>"
.q_sqrt,"<Parameter: name=fill_triangular, dtype=float64, shape=[1, 500, 500], fn=""fill_triangular"", numpy=
array([[[ 4.20542195e-01,  0.00000000e+00,  0.00000000e+00, ...,
          0.00000000e+00,  0.00000000e+00,  0.00000000e+00],
        [ 1.44379124e-02,  4.58719123e-01,  0.00000000e+00, ...,
          0.00000000e+00,  0.00000000e+00,  0.00000000e+00],
        [-5.96018600e-02,  2.37738230e-02,  4.70700173e-01, ...,
          0.00000000e+00,  0.00000000e+00,  0.00000000e+00],
        ...,
        [-1.95768469e-04,  9.44967052e-05, -9.58387778e-05, ...,
          9.54134741e-01,  0.00000000e+00,  0.00000000e+00],
        [ 1.31761467e-02, -5.30136694e-03, -3.89126404e-04, ...,
         -7.21998482e-04,  7.40258858e-01,  0.00000000e+00],
        [-8.38947911e-05,  1.86179787e-04, -1.66123696e-04, ...,
          1.90572441e-04,  7.09342342e-04,  9.99736193e-01]]])>","<Parameter: name=fill_triangular, dtype=float64, shape=[1, 500, 500], fn=""fill_triangular"", numpy=
array([[[ 3.61914606e-01,  0.00000000e+00,  0.00000000e+00, ...,
          0.00000000e+00,  0.00000000e+00,  0.00000000e+00],
        [-1.55722211e-01,  4.13234943e-01,  0.00000000e+00, ...,
          0.00000000e+00,  0.00000000e+00,  0.00000000e+00],
        [-8.97792586e-04, -2.97432963e-03,  3.19864759e-01, ...,
          0.00000000e+00,  0.00000000e+00,  0.00000000e+00],
        ...,
        [ 1.01064496e-03, -4.98130433e-04, -2.43745823e-01, ...,
          7.94446661e-01,  0.00000000e+00,  0.00000000e+00],
        [ 2.13717906e-03, -3.86396740e-03, -6.02803244e-04, ...,
         -7.78028957e-04,  7.45354176e-01,  0.00000000e+00],
        [-2.47373246e-04,  6.81735772e-04,  2.10272298e-03, ...,
          2.33405966e-04,  2.56120237e-05,  8.18059841e-01]]])>","<Parameter: name=fill_triangular, dtype=float64, shape=[1, 500, 500], fn=""fill_triangular"", numpy=
array([[[ 3.76818319e-01,  0.00000000e+00,  0.00000000e+00, ...,
          0.00000000e+00,  0.00000000e+00,  0.00000000e+00],
        [-1.32662302e-01,  3.56716066e-01,  0.00000000e+00, ...,
          0.00000000e+00,  0.00000000e+00,  0.00000000e+00],
        [ 4.11132346e-02, -3.60129327e-01,  3.80048496e-01, ...,
          0.00000000e+00,  0.00000000e+00,  0.00000000e+00],
        ...,
        [ 1.05311609e-05, -1.22189196e-04,  3.33440932e-05, ...,
          9.61908419e-01,  0.00000000e+00,  0.00000000e+00],
        [ 2.97597432e-03, -1.36448610e-03, -1.54062113e-03, ...,
         -1.57242289e-04,  7.78472873e-01,  0.00000000e+00],
        [-3.63791674e-04, -7.67573039e-04,  1.37550910e-04, ...,
         -1.62573711e-04,  1.00039746e-03,  9.93726905e-01]]])>","<Parameter: name=fill_triangular, dtype=float64, shape=[1, 500, 500], fn=""fill_triangular"", numpy=
array([[[ 4.66547363e-01,  0.00000000e+00,  0.00000000e+00, ...,
          0.00000000e+00,  0.00000000e+00,  0.00000000e+00],
        [ 7.36285036e-02,  5.22837610e-01,  0.00000000e+00, ...,
          0.00000000e+00,  0.00000000e+00,  0.00000000e+00],
        [-4.44815986e-02,  5.77933587e-02,  4.43788997e-01, ...,
          0.00000000e+00,  0.00000000e+00,  0.00000000e+00],
        ...,
        [-2.41545366e-05, -5.70764545e-03, -4.24289063e-04, ...,
          9.71366591e-01,  0.00000000e+00,  0.00000000e+00],
        [-4.19958812e-04,  4.17784584e-05,  1.55642365e-04, ...,
          1.09013838e-05,  9.10994609e-01,  0.00000000e+00],
        [-8.32613878e-04,  1.79440102e-03, -5.39670355e-04, ...,
         -3.19388766e-05,  2.91200104e-06,  9.34220905e-01]]])>","<Parameter: name=fill_triangular, dtype=float64, shape=[1, 500, 500], fn=""fill_triangular"", numpy=
array([[[ 4.43166612e-01,  0.00000000e+00,  0.00000000e+00, ...,
          0.00000000e+00,  0.00000000e+00,  0.00000000e+00],
        [-2.32629137e-02,  4.31828486e-01,  0.00000000e+00, ...,
          0.00000000e+00,  0.00000000e+00,  0.00000000e+00],
        [-1.34635223e-01, -8.53381919e-02,  4.13998330e-01, ...,
          0.00000000e+00,  0.00000000e+00,  0.00000000e+00],
        ...,
        [-3.56774049e-04,  2.69784719e-03,  7.02134071e-04, ...,
          8.24465568e-01,  0.00000000e+00,  0.00000000e+00],
        [ 3.11455688e-04,  6.95079983e-05,  2.97250309e-03, ...,
          4.28298547e-05,  9.66723196e-01,  0.00000000e+00],
        [-1.29281989e-04,  2.10127907e-04, -4.33518821e-05, ...,
          7.05413296e-06, -3.30858751e-05,  9.97755458e-01]]])>"
