,4.7_rbf_matern32_sin_lin_sin_lfbgs_0_0,4.7_rbf_matern32_sin_lin_sin_lfbgs_1_0,4.7_rbf_matern32_sin_lin_sin_lfbgs_2_0,4.7_rbf_matern32_sin_lin_sin_lfbgs_3_0,4.7_rbf_matern32_sin_lin_sin_lfbgs_4_0
.kernel.kernels[0].variance,"<Parameter: name=softplus, dtype=float64, shape=[], fn=""softplus"", numpy=0.9754603638021563>","<Parameter: name=softplus, dtype=float64, shape=[], fn=""softplus"", numpy=0.9755052257775392>","<Parameter: name=softplus, dtype=float64, shape=[], fn=""softplus"", numpy=0.975456559597241>","<Parameter: name=softplus, dtype=float64, shape=[], fn=""softplus"", numpy=0.9754697036248784>","<Parameter: name=softplus, dtype=float64, shape=[], fn=""softplus"", numpy=0.9754472097123565>"
.kernel.kernels[0].lengthscales,"<Parameter: name=softplus, dtype=float64, shape=[9], fn=""softplus"", numpy=
array([1.0202489 , 1.01835572, 1.02680636, 1.01371962, 1.02744692,
       1.02771178, 1.02620959, 1.02645187, 1.02670052])>","<Parameter: name=softplus, dtype=float64, shape=[9], fn=""softplus"", numpy=
array([0.98811157, 1.02634636, 1.01788561, 1.02755398, 1.02767258,
       1.02745215, 1.02736019, 1.02762876, 1.02357904])>","<Parameter: name=softplus, dtype=float64, shape=[9], fn=""softplus"", numpy=
array([1.02530235, 0.9993597 , 1.02771153, 0.99293441, 1.02720006,
       1.02735972, 1.026382  , 1.02763409, 1.02707417])>","<Parameter: name=softplus, dtype=float64, shape=[9], fn=""softplus"", numpy=
array([0.98398101, 1.02168737, 1.02614249, 1.02681346, 1.0275034 ,
       1.02779073, 1.02656586, 1.02623562, 1.0255923 ])>","<Parameter: name=softplus, dtype=float64, shape=[9], fn=""softplus"", numpy=
array([0.99501894, 1.02774002, 1.02747818, 1.02732329, 1.02726555,
       1.0264853 , 1.02711612, 1.02706128, 1.02651403])>"
.kernel.kernels[1].variance,"<Parameter: name=softplus, dtype=float64, shape=[], fn=""softplus"", numpy=0.9754666500385544>","<Parameter: name=softplus, dtype=float64, shape=[], fn=""softplus"", numpy=0.9755123171080522>","<Parameter: name=softplus, dtype=float64, shape=[], fn=""softplus"", numpy=0.9754637004252259>","<Parameter: name=softplus, dtype=float64, shape=[], fn=""softplus"", numpy=0.9754870707621976>","<Parameter: name=softplus, dtype=float64, shape=[], fn=""softplus"", numpy=0.975470378920713>"
.kernel.kernels[1].lengthscales,"<Parameter: name=softplus, dtype=float64, shape=[9], fn=""softplus"", numpy=
array([1.00568181, 1.01430308, 1.02702732, 1.00217017, 1.02745562,
       1.02771182, 1.02647809, 1.02578548, 1.02673622])>","<Parameter: name=softplus, dtype=float64, shape=[9], fn=""softplus"", numpy=
array([0.99089181, 1.02710658, 1.00520751, 1.0276674 , 1.02770744,
       1.02750942, 1.02731993, 1.0276305 , 1.02403114])>","<Parameter: name=softplus, dtype=float64, shape=[9], fn=""softplus"", numpy=
array([1.02471065, 1.01871223, 1.02777376, 1.00804763, 1.02731267,
       1.02739361, 1.02646383, 1.0276647 , 1.02711821])>","<Parameter: name=softplus, dtype=float64, shape=[9], fn=""softplus"", numpy=
array([0.97979819, 1.02104962, 1.02612741, 1.02661168, 1.02750386,
       1.02779506, 1.02665991, 1.02652979, 1.02567766])>","<Parameter: name=softplus, dtype=float64, shape=[9], fn=""softplus"", numpy=
array([0.98828173, 1.0271823 , 1.02753963, 1.02744053, 1.02738363,
       1.02687191, 1.02728515, 1.02717309, 1.02670988])>"
.kernel.kernels[2].kernels[0].variance,"<Parameter: name=softplus, dtype=float64, shape=[], fn=""softplus"", numpy=0.9763314629137445>","<Parameter: name=softplus, dtype=float64, shape=[], fn=""softplus"", numpy=0.9760413197901325>","<Parameter: name=softplus, dtype=float64, shape=[], fn=""softplus"", numpy=0.9759975872304293>","<Parameter: name=softplus, dtype=float64, shape=[], fn=""softplus"", numpy=0.9761905165850757>","<Parameter: name=softplus, dtype=float64, shape=[], fn=""softplus"", numpy=0.9759875177429668>"
.kernel.kernels[2].kernels[1].variance,"<Parameter: name=softplus, dtype=float64, shape=[], fn=""softplus"", numpy=1.0>","<Parameter: name=softplus, dtype=float64, shape=[], fn=""softplus"", numpy=1.0>","<Parameter: name=softplus, dtype=float64, shape=[], fn=""softplus"", numpy=1.0>","<Parameter: name=softplus, dtype=float64, shape=[], fn=""softplus"", numpy=1.0>","<Parameter: name=softplus, dtype=float64, shape=[], fn=""softplus"", numpy=1.0>"
.kernel.kernels[2].kernels[1].lengthscales,"<Parameter: name=identity, dtype=float64, shape=[1], fn=""identity"", numpy=array([365.])>","<Parameter: name=identity, dtype=float64, shape=[1], fn=""identity"", numpy=array([365.])>","<Parameter: name=identity, dtype=float64, shape=[1], fn=""identity"", numpy=array([365.])>","<Parameter: name=identity, dtype=float64, shape=[1], fn=""identity"", numpy=array([365.])>","<Parameter: name=identity, dtype=float64, shape=[1], fn=""identity"", numpy=array([365.])>"
.kernel.kernels[2].kernels[2].variance,"<Parameter: name=softplus, dtype=float64, shape=[], fn=""softplus"", numpy=0.9754747199582164>","<Parameter: name=softplus, dtype=float64, shape=[], fn=""softplus"", numpy=0.9754292485989143>","<Parameter: name=softplus, dtype=float64, shape=[], fn=""softplus"", numpy=0.9754549729752071>","<Parameter: name=softplus, dtype=float64, shape=[], fn=""softplus"", numpy=0.9754607896432381>","<Parameter: name=softplus, dtype=float64, shape=[], fn=""softplus"", numpy=0.9754858994920783>"
.kernel.kernels[2].kernels[2].lengthscales,"<Parameter: name=softplus, dtype=float64, shape=[1], fn=""softplus"", numpy=array([1.02645671])>","<Parameter: name=softplus, dtype=float64, shape=[1], fn=""softplus"", numpy=array([1.01799585])>","<Parameter: name=softplus, dtype=float64, shape=[1], fn=""softplus"", numpy=array([1.01579214])>","<Parameter: name=softplus, dtype=float64, shape=[1], fn=""softplus"", numpy=array([1.02668502])>","<Parameter: name=softplus, dtype=float64, shape=[1], fn=""softplus"", numpy=array([1.02709577])>"
.kernel.kernels[3].kernels[0].variance,"<Parameter: name=softplus, dtype=float64, shape=[], fn=""softplus"", numpy=0.9757677216889756>","<Parameter: name=softplus, dtype=float64, shape=[], fn=""softplus"", numpy=0.9762113190263934>","<Parameter: name=softplus, dtype=float64, shape=[], fn=""softplus"", numpy=0.9767825817807197>","<Parameter: name=softplus, dtype=float64, shape=[], fn=""softplus"", numpy=0.9760323409152108>","<Parameter: name=softplus, dtype=float64, shape=[], fn=""softplus"", numpy=0.9762571198334729>"
.kernel.kernels[3].kernels[1].variance,"<Parameter: name=softplus, dtype=float64, shape=[], fn=""softplus"", numpy=1.0>","<Parameter: name=softplus, dtype=float64, shape=[], fn=""softplus"", numpy=1.0>","<Parameter: name=softplus, dtype=float64, shape=[], fn=""softplus"", numpy=1.0>","<Parameter: name=softplus, dtype=float64, shape=[], fn=""softplus"", numpy=1.0>","<Parameter: name=softplus, dtype=float64, shape=[], fn=""softplus"", numpy=1.0>"
.kernel.kernels[3].kernels[1].lengthscales,"<Parameter: name=identity, dtype=float64, shape=[1], fn=""identity"", numpy=array([365.])>","<Parameter: name=identity, dtype=float64, shape=[1], fn=""identity"", numpy=array([365.])>","<Parameter: name=identity, dtype=float64, shape=[1], fn=""identity"", numpy=array([365.])>","<Parameter: name=identity, dtype=float64, shape=[1], fn=""identity"", numpy=array([365.])>","<Parameter: name=identity, dtype=float64, shape=[1], fn=""identity"", numpy=array([365.])>"
.kernel.kernels[3].kernels[2].variance,"<Parameter: name=softplus, dtype=float64, shape=[], fn=""softplus"", numpy=0.9754747199582164>","<Parameter: name=softplus, dtype=float64, shape=[], fn=""softplus"", numpy=0.9754292485989143>","<Parameter: name=softplus, dtype=float64, shape=[], fn=""softplus"", numpy=0.9754549729752071>","<Parameter: name=softplus, dtype=float64, shape=[], fn=""softplus"", numpy=0.9754607896432381>","<Parameter: name=softplus, dtype=float64, shape=[], fn=""softplus"", numpy=0.9754858994920783>"
.kernel.kernels[3].kernels[2].lengthscales,"<Parameter: name=softplus, dtype=float64, shape=[1], fn=""softplus"", numpy=array([1.02645671])>","<Parameter: name=softplus, dtype=float64, shape=[1], fn=""softplus"", numpy=array([1.01799585])>","<Parameter: name=softplus, dtype=float64, shape=[1], fn=""softplus"", numpy=array([1.01579214])>","<Parameter: name=softplus, dtype=float64, shape=[1], fn=""softplus"", numpy=array([1.02668502])>","<Parameter: name=softplus, dtype=float64, shape=[1], fn=""softplus"", numpy=array([1.02709577])>"
.kernel.kernels[4].kernels[0].variance,"<Parameter: name=softplus, dtype=float64, shape=[], fn=""softplus"", numpy=0.9760352794091793>","<Parameter: name=softplus, dtype=float64, shape=[], fn=""softplus"", numpy=0.9757657878009839>","<Parameter: name=softplus, dtype=float64, shape=[], fn=""softplus"", numpy=0.975841543509589>","<Parameter: name=softplus, dtype=float64, shape=[], fn=""softplus"", numpy=0.9763540825299363>","<Parameter: name=softplus, dtype=float64, shape=[], fn=""softplus"", numpy=0.9759320798391163>"
.kernel.kernels[4].kernels[1].variance,"<Parameter: name=softplus, dtype=float64, shape=[], fn=""softplus"", numpy=1.0>","<Parameter: name=softplus, dtype=float64, shape=[], fn=""softplus"", numpy=1.0>","<Parameter: name=softplus, dtype=float64, shape=[], fn=""softplus"", numpy=1.0>","<Parameter: name=softplus, dtype=float64, shape=[], fn=""softplus"", numpy=1.0>","<Parameter: name=softplus, dtype=float64, shape=[], fn=""softplus"", numpy=1.0>"
.kernel.kernels[4].kernels[1].lengthscales,"<Parameter: name=identity, dtype=float64, shape=[1], fn=""identity"", numpy=array([365.])>","<Parameter: name=identity, dtype=float64, shape=[1], fn=""identity"", numpy=array([365.])>","<Parameter: name=identity, dtype=float64, shape=[1], fn=""identity"", numpy=array([365.])>","<Parameter: name=identity, dtype=float64, shape=[1], fn=""identity"", numpy=array([365.])>","<Parameter: name=identity, dtype=float64, shape=[1], fn=""identity"", numpy=array([365.])>"
.kernel.kernels[4].kernels[2].variance,"<Parameter: name=softplus, dtype=float64, shape=[], fn=""softplus"", numpy=0.9754747199582164>","<Parameter: name=softplus, dtype=float64, shape=[], fn=""softplus"", numpy=0.9754292485989143>","<Parameter: name=softplus, dtype=float64, shape=[], fn=""softplus"", numpy=0.9754549729752071>","<Parameter: name=softplus, dtype=float64, shape=[], fn=""softplus"", numpy=0.9754607896432381>","<Parameter: name=softplus, dtype=float64, shape=[], fn=""softplus"", numpy=0.9754858994920783>"
.kernel.kernels[4].kernels[2].lengthscales,"<Parameter: name=softplus, dtype=float64, shape=[1], fn=""softplus"", numpy=array([1.02645671])>","<Parameter: name=softplus, dtype=float64, shape=[1], fn=""softplus"", numpy=array([1.01799585])>","<Parameter: name=softplus, dtype=float64, shape=[1], fn=""softplus"", numpy=array([1.01579214])>","<Parameter: name=softplus, dtype=float64, shape=[1], fn=""softplus"", numpy=array([1.02668502])>","<Parameter: name=softplus, dtype=float64, shape=[1], fn=""softplus"", numpy=array([1.02709577])>"
.kernel.kernels[5].kernels[0].variance,"<Parameter: name=softplus, dtype=float64, shape=[], fn=""softplus"", numpy=0.9756256220886751>","<Parameter: name=softplus, dtype=float64, shape=[], fn=""softplus"", numpy=0.976063188538032>","<Parameter: name=softplus, dtype=float64, shape=[], fn=""softplus"", numpy=0.9756974848817442>","<Parameter: name=softplus, dtype=float64, shape=[], fn=""softplus"", numpy=0.9756601216280466>","<Parameter: name=softplus, dtype=float64, shape=[], fn=""softplus"", numpy=0.9759673680538923>"
.kernel.kernels[5].kernels[1].variance,"<Parameter: name=softplus, dtype=float64, shape=[], fn=""softplus"", numpy=1.0>","<Parameter: name=softplus, dtype=float64, shape=[], fn=""softplus"", numpy=1.0>","<Parameter: name=softplus, dtype=float64, shape=[], fn=""softplus"", numpy=1.0>","<Parameter: name=softplus, dtype=float64, shape=[], fn=""softplus"", numpy=1.0>","<Parameter: name=softplus, dtype=float64, shape=[], fn=""softplus"", numpy=1.0>"
.kernel.kernels[5].kernels[1].lengthscales,"<Parameter: name=identity, dtype=float64, shape=[1], fn=""identity"", numpy=array([365.])>","<Parameter: name=identity, dtype=float64, shape=[1], fn=""identity"", numpy=array([365.])>","<Parameter: name=identity, dtype=float64, shape=[1], fn=""identity"", numpy=array([365.])>","<Parameter: name=identity, dtype=float64, shape=[1], fn=""identity"", numpy=array([365.])>","<Parameter: name=identity, dtype=float64, shape=[1], fn=""identity"", numpy=array([365.])>"
.kernel.kernels[5].kernels[2].variance,"<Parameter: name=softplus, dtype=float64, shape=[], fn=""softplus"", numpy=0.9754747199582164>","<Parameter: name=softplus, dtype=float64, shape=[], fn=""softplus"", numpy=0.9754292485989143>","<Parameter: name=softplus, dtype=float64, shape=[], fn=""softplus"", numpy=0.9754549729752071>","<Parameter: name=softplus, dtype=float64, shape=[], fn=""softplus"", numpy=0.9754607896432381>","<Parameter: name=softplus, dtype=float64, shape=[], fn=""softplus"", numpy=0.9754858994920783>"
.kernel.kernels[5].kernels[2].lengthscales,"<Parameter: name=softplus, dtype=float64, shape=[1], fn=""softplus"", numpy=array([1.02645671])>","<Parameter: name=softplus, dtype=float64, shape=[1], fn=""softplus"", numpy=array([1.01799585])>","<Parameter: name=softplus, dtype=float64, shape=[1], fn=""softplus"", numpy=array([1.01579214])>","<Parameter: name=softplus, dtype=float64, shape=[1], fn=""softplus"", numpy=array([1.02668502])>","<Parameter: name=softplus, dtype=float64, shape=[1], fn=""softplus"", numpy=array([1.02709577])>"
.kernel.kernels[6].kernels[0].variance,"<Parameter: name=softplus, dtype=float64, shape=[], fn=""softplus"", numpy=0.9767436114892507>","<Parameter: name=softplus, dtype=float64, shape=[], fn=""softplus"", numpy=0.9765443375346503>","<Parameter: name=softplus, dtype=float64, shape=[], fn=""softplus"", numpy=0.9763792818620632>","<Parameter: name=softplus, dtype=float64, shape=[], fn=""softplus"", numpy=0.9777446035917388>","<Parameter: name=softplus, dtype=float64, shape=[], fn=""softplus"", numpy=0.9762677261812207>"
.kernel.kernels[6].kernels[1].variance,"<Parameter: name=softplus, dtype=float64, shape=[], fn=""softplus"", numpy=1.0>","<Parameter: name=softplus, dtype=float64, shape=[], fn=""softplus"", numpy=1.0>","<Parameter: name=softplus, dtype=float64, shape=[], fn=""softplus"", numpy=1.0>","<Parameter: name=softplus, dtype=float64, shape=[], fn=""softplus"", numpy=1.0>","<Parameter: name=softplus, dtype=float64, shape=[], fn=""softplus"", numpy=1.0>"
.kernel.kernels[6].kernels[1].lengthscales,"<Parameter: name=identity, dtype=float64, shape=[1], fn=""identity"", numpy=array([365.])>","<Parameter: name=identity, dtype=float64, shape=[1], fn=""identity"", numpy=array([365.])>","<Parameter: name=identity, dtype=float64, shape=[1], fn=""identity"", numpy=array([365.])>","<Parameter: name=identity, dtype=float64, shape=[1], fn=""identity"", numpy=array([365.])>","<Parameter: name=identity, dtype=float64, shape=[1], fn=""identity"", numpy=array([365.])>"
.kernel.kernels[6].kernels[2].variance,"<Parameter: name=softplus, dtype=float64, shape=[], fn=""softplus"", numpy=0.9754747199582164>","<Parameter: name=softplus, dtype=float64, shape=[], fn=""softplus"", numpy=0.9754292485989143>","<Parameter: name=softplus, dtype=float64, shape=[], fn=""softplus"", numpy=0.9754549729752071>","<Parameter: name=softplus, dtype=float64, shape=[], fn=""softplus"", numpy=0.9754607896432381>","<Parameter: name=softplus, dtype=float64, shape=[], fn=""softplus"", numpy=0.9754858994920783>"
.kernel.kernels[6].kernels[2].lengthscales,"<Parameter: name=softplus, dtype=float64, shape=[1], fn=""softplus"", numpy=array([1.02645671])>","<Parameter: name=softplus, dtype=float64, shape=[1], fn=""softplus"", numpy=array([1.01799585])>","<Parameter: name=softplus, dtype=float64, shape=[1], fn=""softplus"", numpy=array([1.01579214])>","<Parameter: name=softplus, dtype=float64, shape=[1], fn=""softplus"", numpy=array([1.02668502])>","<Parameter: name=softplus, dtype=float64, shape=[1], fn=""softplus"", numpy=array([1.02709577])>"
.kernel.kernels[7].variance,"<Parameter: name=softplus, dtype=float64, shape=[], fn=""softplus"", numpy=0.9761200567023912>","<Parameter: name=softplus, dtype=float64, shape=[], fn=""softplus"", numpy=0.9761456168991843>","<Parameter: name=softplus, dtype=float64, shape=[], fn=""softplus"", numpy=0.976132718750736>","<Parameter: name=softplus, dtype=float64, shape=[], fn=""softplus"", numpy=0.9760440986403269>","<Parameter: name=softplus, dtype=float64, shape=[], fn=""softplus"", numpy=0.9762420933684913>"
.kernel.kernels[7].lengthscales,"<Parameter: name=identity, dtype=float64, shape=[1], fn=""identity"", numpy=array([1440.])>","<Parameter: name=identity, dtype=float64, shape=[1], fn=""identity"", numpy=array([1440.])>","<Parameter: name=identity, dtype=float64, shape=[1], fn=""identity"", numpy=array([1440.])>","<Parameter: name=identity, dtype=float64, shape=[1], fn=""identity"", numpy=array([1440.])>","<Parameter: name=identity, dtype=float64, shape=[1], fn=""identity"", numpy=array([1440.])>"
.likelihood.variance,"<Parameter: name=chain_of_shift_of_softplus, dtype=float64, shape=[], fn=""chain_of_shift_of_softplus"", numpy=1.0245648841090418>","<Parameter: name=chain_of_shift_of_softplus, dtype=float64, shape=[], fn=""chain_of_shift_of_softplus"", numpy=1.0245525063692302>","<Parameter: name=chain_of_shift_of_softplus, dtype=float64, shape=[], fn=""chain_of_shift_of_softplus"", numpy=1.024572345957836>","<Parameter: name=chain_of_shift_of_softplus, dtype=float64, shape=[], fn=""chain_of_shift_of_softplus"", numpy=1.0245930311367346>","<Parameter: name=chain_of_shift_of_softplus, dtype=float64, shape=[], fn=""chain_of_shift_of_softplus"", numpy=1.0245277283261778>"
.inducing_variable.Z,"<Parameter: name=identity, dtype=float64, shape=[40, 11], fn=""identity"", numpy=
array([[-1.11749693e+00,  1.26400000e+03,  9.10160995e-01,
         4.75450384e-01,  3.90744216e-01,  6.00000000e+02,
         0.00000000e+00,  0.00000000e+00,  0.00000000e+00,
         1.00000000e+00,  0.00000000e+00],
       [ 1.18343836e+00,  1.34600000e+03, -9.45126152e-02,
         1.20949362e-01, -7.57227380e-01,  6.00000000e+02,
         0.00000000e+00,  0.00000000e+00,  0.00000000e+00,
         1.00000000e+00,  0.00000000e+00],
       [ 4.91053263e-03,  9.39000000e+02, -1.20619185e+00,
         5.69876402e-01, -9.07301923e-01,  6.00000000e+02,
         0.00000000e+00,  0.00000000e+00,  1.00000000e+00,
         0.00000000e+00,  0.00000000e+00],
       [-1.08943674e+00,  9.00000000e+02,  9.08798148e-01,
         4.77184771e-01,  3.81924759e-01,  4.00000000e+02,
         0.00000000e+00,  0.00000000e+00,  1.00000000e+00,
         0.00000000e+00,  0.00000000e+00],
       [-9.21075620e-01,  5.41000000e+02,  2.21917840e-01,
         1.12578972e+00, -1.00995927e+00,  5.53000000e+02,
         0.00000000e+00,  1.00000000e+00,  0.00000000e+00,
         0.00000000e+00,  0.00000000e+00],
       [ 1.32373930e+00,  9.86000000e+02,  6.04772061e-02,
         3.52817737e-01, -6.80258115e-01,  6.00000000e+02,
         0.00000000e+00,  0.00000000e+00,  1.00000000e+00,
         0.00000000e+00,  0.00000000e+00],
       [ 3.29707191e-02,  9.40000000e+02,  1.32141867e+00,
         5.05210409e-01,  9.79746645e-01,  6.00000000e+02,
         0.00000000e+00,  0.00000000e+00,  1.00000000e+00,
         0.00000000e+00,  0.00000000e+00],
       [ 1.17151278e-01,  5.78000000e+02,  5.89245044e-01,
        -3.57987067e-01,  5.01154117e-02,  7.37000000e+02,
         0.00000000e+00,  1.00000000e+00,  0.00000000e+00,
         0.00000000e+00,  0.00000000e+00],
       [ 3.29707191e-02,  5.75000000e+02,  6.39296257e-01,
        -1.11629759e+00,  7.93495091e-01,  6.00000000e+02,
         0.00000000e+00,  1.00000000e+00,  0.00000000e+00,
         0.00000000e+00,  0.00000000e+00],
       [ 1.43598004e+00,  9.90000000e+02,  1.32141867e+00,
         5.05210409e-01,  9.79746645e-01,  6.00000000e+02,
         0.00000000e+00,  0.00000000e+00,  1.00000000e+00,
         0.00000000e+00,  0.00000000e+00],
       [ 6.50294821e-01,  5.97000000e+02,  7.96702661e-01,
        -2.52832950e+00,  2.19654058e+00,  3.75000000e+02,
         0.00000000e+00,  1.00000000e+00,  0.00000000e+00,
         0.00000000e+00,  0.00000000e+00],
       [ 1.04313743e+00,  1.34100000e+03, -9.45126152e-02,
         1.20949362e-01, -7.57227380e-01,  6.00000000e+02,
         0.00000000e+00,  0.00000000e+00,  0.00000000e+00,
         1.00000000e+00,  0.00000000e+00],
       [ 2.85512397e-01,  5.84000000e+02, -1.20619185e+00,
         5.69876402e-01, -9.07301923e-01,  6.00000000e+02,
         0.00000000e+00,  1.00000000e+00,  0.00000000e+00,
         0.00000000e+00,  0.00000000e+00],
       [-6.12413569e-01,  5.52000000e+02, -1.20619185e+00,
         5.69876402e-01, -9.07301923e-01,  6.00000000e+02,
         0.00000000e+00,  1.00000000e+00,  0.00000000e+00,
         0.00000000e+00,  0.00000000e+00],
       [ 5.66114261e-01,  2.29000000e+02,  1.46645107e+00,
         1.45001519e+00,  1.07532632e+00,  4.20000000e+02,
         1.00000000e+00,  0.00000000e+00,  0.00000000e+00,
         0.00000000e+00,  0.00000000e+00],
       [-1.20167748e+00,  1.66000000e+02, -1.47510144e+00,
         1.71592368e-01, -8.50098963e-01,  4.20000000e+02,
         1.00000000e+00,  0.00000000e+00,  0.00000000e+00,
         0.00000000e+00,  0.00000000e+00],
       [ 1.17151278e-01,  5.78000000e+02,  5.89245044e-01,
        -3.57987067e-01,  5.01154117e-02,  7.35000000e+02,
         0.00000000e+00,  1.00000000e+00,  0.00000000e+00,
         0.00000000e+00,  0.00000000e+00],
       [-2.19570959e-01,  1.29600000e+03, -1.20619185e+00,
         5.69876402e-01, -9.07301923e-01,  6.00000000e+02,
         0.00000000e+00,  0.00000000e+00,  0.00000000e+00,
         1.00000000e+00,  0.00000000e+00],
       [ 1.80076246e+00,  6.38000000e+02,  6.39296257e-01,
        -1.11629759e+00,  7.93495091e-01,  6.00000000e+02,
         0.00000000e+00,  1.00000000e+00,  0.00000000e+00,
         0.00000000e+00,  0.00000000e+00],
       [ 1.73271651e-01,  1.31000000e+03, -1.20619185e+00,
         5.69876402e-01, -9.07301923e-01,  6.00000000e+02,
         0.00000000e+00,  0.00000000e+00,  0.00000000e+00,
         1.00000000e+00,  0.00000000e+00],
       [ 6.50294821e-01,  1.69200000e+03,  4.82001497e-01,
        -4.05858871e-01, -7.96045809e-02,  4.20000000e+02,
         0.00000000e+00,  0.00000000e+00,  0.00000000e+00,
         0.00000000e+00,  1.00000000e+00],
       [-1.56645991e+00,  1.61300000e+03,  7.96702661e-01,
        -2.52832950e+00,  2.19654058e+00,  3.58000000e+02,
         0.00000000e+00,  0.00000000e+00,  0.00000000e+00,
         0.00000000e+00,  1.00000000e+00],
       [-5.28233010e-01,  5.55000000e+02,  5.39219982e-01,
        -2.48634625e+00,  1.80656088e+00,  4.09000000e+02,
         0.00000000e+00,  1.00000000e+00,  0.00000000e+00,
         0.00000000e+00,  0.00000000e+00],
       [-9.49135806e-01,  1.27000000e+03,  5.89245044e-01,
        -3.57987067e-01,  5.01154117e-02,  7.07000000e+02,
         0.00000000e+00,  0.00000000e+00,  0.00000000e+00,
         1.00000000e+00,  0.00000000e+00],
       [-1.45421916e+00,  1.57000000e+02, -1.47510144e+00,
         1.71592368e-01, -8.50098963e-01,  4.20000000e+02,
         1.00000000e+00,  0.00000000e+00,  0.00000000e+00,
         0.00000000e+00,  0.00000000e+00],
       [-1.63450586e-01,  1.29800000e+03,  1.32141867e+00,
         5.05210409e-01,  9.79746645e-01,  6.00000000e+02,
         0.00000000e+00,  0.00000000e+00,  0.00000000e+00,
         1.00000000e+00,  0.00000000e+00],
       [ 1.71658191e+00,  1.73000000e+03,  3.16437117e-01,
        -1.11658814e+00,  3.97363408e-01,  3.98000000e+02,
         0.00000000e+00,  0.00000000e+00,  0.00000000e+00,
         0.00000000e+00,  1.00000000e+00],
       [ 1.35179948e+00,  1.35200000e+03,  8.20363911e-01,
         1.11160402e+00, -2.33081773e-01,  4.75000000e+02,
         0.00000000e+00,  0.00000000e+00,  0.00000000e+00,
         1.00000000e+00,  0.00000000e+00],
       [-2.75691332e-01,  5.64000000e+02, -1.02459057e+00,
         6.29800595e-01, -9.91697291e-01,  6.00000000e+02,
         0.00000000e+00,  1.00000000e+00,  0.00000000e+00,
         0.00000000e+00,  0.00000000e+00],
       [-1.03331637e+00,  9.02000000e+02, -1.49997243e+00,
         1.57777924e-01, -7.87742570e-01,  5.38000000e+02,
         0.00000000e+00,  0.00000000e+00,  1.00000000e+00,
         0.00000000e+00,  0.00000000e+00],
       [ 1.37985967e+00,  2.58000000e+02, -1.02459057e+00,
         6.29800595e-01, -9.91697291e-01,  4.20000000e+02,
         1.00000000e+00,  0.00000000e+00,  0.00000000e+00,
         0.00000000e+00,  0.00000000e+00],
       [-6.12413569e-01,  1.28200000e+03,  1.20894444e-01,
         3.21301969e-01, -4.69901137e-01,  6.00000000e+02,
         0.00000000e+00,  0.00000000e+00,  0.00000000e+00,
         1.00000000e+00,  0.00000000e+00],
       [-9.21075620e-01,  1.76000000e+02, -1.47510144e+00,
         1.71592368e-01, -8.50098963e-01,  4.20000000e+02,
         1.00000000e+00,  0.00000000e+00,  0.00000000e+00,
         0.00000000e+00,  0.00000000e+00],
       [-1.00525618e+00,  9.03000000e+02, -1.20619185e+00,
         5.69876402e-01, -9.07301923e-01,  6.00000000e+02,
         0.00000000e+00,  0.00000000e+00,  1.00000000e+00,
         0.00000000e+00,  0.00000000e+00],
       [-1.31391823e+00,  1.25700000e+03,  1.32141867e+00,
         5.05210409e-01,  9.79746645e-01,  6.00000000e+02,
         0.00000000e+00,  0.00000000e+00,  0.00000000e+00,
         1.00000000e+00,  0.00000000e+00],
       [-5.84353383e-01,  5.53000000e+02, -1.20619185e+00,
         5.69876402e-01, -9.07301923e-01,  6.00000000e+02,
         0.00000000e+00,  1.00000000e+00,  0.00000000e+00,
         0.00000000e+00,  0.00000000e+00],
       [ 1.12731799e+00,  1.70900000e+03,  6.04772061e-02,
         3.52817737e-01, -6.80258115e-01,  4.20000000e+02,
         0.00000000e+00,  0.00000000e+00,  0.00000000e+00,
         0.00000000e+00,  1.00000000e+00],
       [ 1.80076246e+00,  1.00300000e+03, -1.20619185e+00,
         5.69876402e-01, -9.07301923e-01,  6.00000000e+02,
         0.00000000e+00,  0.00000000e+00,  1.00000000e+00,
         0.00000000e+00,  0.00000000e+00],
       [ 3.29707191e-02,  1.67000000e+03,  6.58992174e-01,
        -2.55409109e+00,  2.16629679e+00,  4.20000000e+02,
         0.00000000e+00,  0.00000000e+00,  0.00000000e+00,
         0.00000000e+00,  1.00000000e+00],
       [-1.25779786e+00,  1.25900000e+03,  1.32141867e+00,
         5.05210409e-01,  9.79746645e-01,  6.00000000e+02,
         0.00000000e+00,  0.00000000e+00,  0.00000000e+00,
         1.00000000e+00,  0.00000000e+00]])>","<Parameter: name=identity, dtype=float64, shape=[39, 11], fn=""identity"", numpy=
array([[ 7.96156017e-01,  2.44000000e+02, -9.16215981e-03,
        -2.02234123e+00,  5.05460814e-01,  4.20000000e+02,
         1.00000000e+00,  0.00000000e+00,  0.00000000e+00,
         0.00000000e+00,  0.00000000e+00],
       [ 1.62301778e+00,  6.38000000e+02,  1.01977908e+00,
        -9.74255901e-01,  1.07140018e+00,  6.00000000e+02,
         0.00000000e+00,  1.00000000e+00,  0.00000000e+00,
         0.00000000e+00,  0.00000000e+00],
       [-1.73268114e-01,  1.67000000e+03,  1.04087085e+00,
        -2.27513615e+00,  2.55951128e+00,  4.20000000e+02,
         0.00000000e+00,  0.00000000e+00,  0.00000000e+00,
         0.00000000e+00,  1.00000000e+00],
       [-1.68442926e+00,  1.57000000e+02, -1.24446581e+00,
         1.90995308e-01, -7.10248658e-01,  4.20000000e+02,
         1.00000000e+00,  0.00000000e+00,  0.00000000e+00,
         0.00000000e+00,  0.00000000e+00],
       [-1.14269225e+00,  1.76000000e+02, -1.24446581e+00,
         1.90995308e-01, -7.10248658e-01,  4.20000000e+02,
         1.00000000e+00,  0.00000000e+00,  0.00000000e+00,
         0.00000000e+00,  0.00000000e+00],
       [ 1.48045540e+00,  2.68000000e+02, -9.16215981e-03,
        -2.02234123e+00,  5.05460814e-01,  4.20000000e+02,
         1.00000000e+00,  0.00000000e+00,  0.00000000e+00,
         0.00000000e+00,  0.00000000e+00],
       [-2.01780588e-01,  9.39000000e+02, -9.56498618e-01,
         5.51352920e-01, -7.72256419e-01,  6.00000000e+02,
         0.00000000e+00,  0.00000000e+00,  1.00000000e+00,
         0.00000000e+00,  0.00000000e+00],
       [-8.29055026e-01,  5.52000000e+02, -9.56498618e-01,
         5.51352920e-01, -7.72256419e-01,  6.00000000e+02,
         0.00000000e+00,  1.00000000e+00,  0.00000000e+00,
         0.00000000e+00,  0.00000000e+00],
       [-1.31376709e+00,  9.00000000e+02,  1.30838055e+00,
         4.67487809e-01,  6.25259722e-01,  4.00000000e+02,
         0.00000000e+00,  0.00000000e+00,  1.00000000e+00,
         0.00000000e+00,  0.00000000e+00],
       [-1.34227957e+00,  1.26400000e+03,  1.30983998e+00,
         4.65918578e-01,  6.34819976e-01,  6.00000000e+02,
         0.00000000e+00,  0.00000000e+00,  0.00000000e+00,
         1.00000000e+00,  0.00000000e+00],
       [ 8.33441561e-02,  5.84000000e+02, -9.56498618e-01,
         5.51352920e-01, -7.72256419e-01,  6.00000000e+02,
         0.00000000e+00,  1.00000000e+00,  0.00000000e+00,
         0.00000000e+00,  0.00000000e+00],
       [ 9.95743338e-01,  1.34600000e+03,  2.33965235e-01,
         1.45174760e-01, -6.09576264e-01,  6.00000000e+02,
         0.00000000e+00,  0.00000000e+00,  0.00000000e+00,
         1.00000000e+00,  0.00000000e+00],
       [-1.22822967e+00,  9.03000000e+02, -9.56498618e-01,
         5.51352920e-01, -7.72256419e-01,  6.00000000e+02,
         0.00000000e+00,  0.00000000e+00,  1.00000000e+00,
         0.00000000e+00,  0.00000000e+00],
       [-4.86905333e-01,  5.64000000e+02, -7.62027267e-01,
         6.05570859e-01, -8.63740633e-01,  6.00000000e+02,
         0.00000000e+00,  1.00000000e+00,  0.00000000e+00,
         0.00000000e+00,  0.00000000e+00],
       [-1.42781699e+00,  1.66000000e+02, -1.24446581e+00,
         1.90995308e-01, -7.10248658e-01,  4.20000000e+02,
         1.00000000e+00,  0.00000000e+00,  0.00000000e+00,
         0.00000000e+00,  0.00000000e+00],
       [ 1.62301778e+00,  1.00300000e+03, -9.56498618e-01,
         5.51352920e-01, -7.72256419e-01,  6.00000000e+02,
         0.00000000e+00,  0.00000000e+00,  1.00000000e+00,
         0.00000000e+00,  0.00000000e+00],
       [ 9.38718390e-01,  1.70900000e+03,  3.99939172e-01,
         3.54963571e-01, -5.26141915e-01,  4.20000000e+02,
         0.00000000e+00,  0.00000000e+00,  0.00000000e+00,
         0.00000000e+00,  1.00000000e+00],
       [ 1.19533066e+00,  2.58000000e+02, -7.62027267e-01,
         6.05570859e-01, -8.63740633e-01,  4.20000000e+02,
         1.00000000e+00,  0.00000000e+00,  0.00000000e+00,
         0.00000000e+00,  0.00000000e+00],
       [ 1.53748035e+00,  1.73000000e+03,  6.74038941e-01,
        -9.74518775e-01,  6.41995150e-01,  3.98000000e+02,
         0.00000000e+00,  0.00000000e+00,  0.00000000e+00,
         0.00000000e+00,  1.00000000e+00],
       [ 3.68468901e-01,  2.29000000e+02,  1.90555429e+00,
         1.34768088e+00,  1.37690401e+00,  4.20000000e+02,
         1.00000000e+00,  0.00000000e+00,  0.00000000e+00,
         0.00000000e+00,  0.00000000e+00],
       [ 6.25081171e-01,  9.68000000e+02,  9.05937949e-01,
         4.55513203e-01,  3.04737941e-02,  6.00000000e+02,
         0.00000000e+00,  0.00000000e+00,  1.00000000e+00,
         0.00000000e+00,  0.00000000e+00],
       [ 2.63192072e-02,  2.17000000e+02,  3.76767043e-01,
        -9.58220535e-01,  2.81649140e-01,  4.20000000e+02,
         1.00000000e+00,  0.00000000e+00,  0.00000000e+00,
         0.00000000e+00,  0.00000000e+00],
       [-3.07057417e-02,  1.31000000e+03, -9.56498618e-01,
         5.51352920e-01, -7.72256419e-01,  6.00000000e+02,
         0.00000000e+00,  0.00000000e+00,  0.00000000e+00,
         1.00000000e+00,  0.00000000e+00],
       [-1.17120472e+00,  1.75000000e+02,  9.97429838e-01,
         1.36875425e+00,  7.15285290e-01,  6.90000000e+02,
         1.00000000e+00,  0.00000000e+00,  0.00000000e+00,
         0.00000000e+00,  0.00000000e+00],
       [-5.43930282e-01,  9.27000000e+02,  6.89387219e-01,
         8.38397657e-01, -4.13236238e-01,  3.82000000e+02,
         0.00000000e+00,  0.00000000e+00,  1.00000000e+00,
         0.00000000e+00,  0.00000000e+00],
       [-1.79847916e+00,  1.61300000e+03,  1.18834087e+00,
        -2.25182769e+00,  2.59229541e+00,  3.58000000e+02,
         0.00000000e+00,  0.00000000e+00,  0.00000000e+00,
         0.00000000e+00,  1.00000000e+00],
       [-3.44342961e-01,  2.04000000e+02, -1.25194548e+00,
         1.02822700e-01, -8.79816635e-01,  4.20000000e+02,
         1.00000000e+00,  0.00000000e+00,  0.00000000e+00,
         0.00000000e+00,  0.00000000e+00],
       [ 7.67643543e-01,  1.33800000e+03, -1.25194548e+00,
         1.02822700e-01, -8.79816635e-01,  6.00000000e+02,
         0.00000000e+00,  0.00000000e+00,  0.00000000e+00,
         1.00000000e+00,  0.00000000e+00],
       [ 6.82106119e-01,  2.40000000e+02, -1.25194548e+00,
         1.02822700e-01, -8.79816635e-01,  4.20000000e+02,
         1.00000000e+00,  0.00000000e+00,  0.00000000e+00,
         0.00000000e+00,  0.00000000e+00],
       [-1.25674214e+00,  9.02000000e+02, -1.27109941e+00,
         1.78496338e-01, -6.42654598e-01,  5.38000000e+02,
         0.00000000e+00,  0.00000000e+00,  1.00000000e+00,
         0.00000000e+00,  0.00000000e+00],
       [ 1.13830571e+00,  9.86000000e+02,  3.99939172e-01,
         3.54963571e-01, -5.26141915e-01,  6.00000000e+02,
         0.00000000e+00,  0.00000000e+00,  1.00000000e+00,
         0.00000000e+00,  0.00000000e+00],
       [ 8.53180966e-01,  1.34100000e+03,  2.33965235e-01,
         1.45174760e-01, -6.09576264e-01,  6.00000000e+02,
         0.00000000e+00,  0.00000000e+00,  0.00000000e+00,
         1.00000000e+00,  0.00000000e+00],
       [ 1.16681819e+00,  1.35200000e+03,  1.21367899e+00,
         1.04149477e+00, -4.14046954e-02,  4.75000000e+02,
         0.00000000e+00,  0.00000000e+00,  0.00000000e+00,
         1.00000000e+00,  0.00000000e+00],
       [-1.73268114e-01,  5.75000000e+02,  1.01977908e+00,
        -9.74255901e-01,  1.07140018e+00,  6.00000000e+02,
         0.00000000e+00,  1.00000000e+00,  0.00000000e+00,
         0.00000000e+00,  0.00000000e+00],
       [ 4.54006324e-01,  5.97000000e+02,  1.18834087e+00,
        -2.25182769e+00,  2.59229541e+00,  3.75000000e+02,
         0.00000000e+00,  1.00000000e+00,  0.00000000e+00,
         0.00000000e+00,  0.00000000e+00],
       [-4.29880384e-01,  1.29600000e+03,  9.97429838e-01,
         1.36875425e+00,  7.15285290e-01,  6.85000000e+02,
         0.00000000e+00,  0.00000000e+00,  0.00000000e+00,
         1.00000000e+00,  0.00000000e+00],
       [-8.00542552e-01,  5.53000000e+02, -9.56498618e-01,
         5.51352920e-01, -7.72256419e-01,  6.00000000e+02,
         0.00000000e+00,  1.00000000e+00,  0.00000000e+00,
         0.00000000e+00,  0.00000000e+00],
       [ 4.54006324e-01,  1.69200000e+03,  8.51336856e-01,
        -3.31468392e-01,  1.24963916e-01,  4.20000000e+02,
         0.00000000e+00,  0.00000000e+00,  0.00000000e+00,
         0.00000000e+00,  1.00000000e+00],
       [-4.29880384e-01,  1.29600000e+03, -9.56498618e-01,
         5.51352920e-01, -7.72256419e-01,  6.00000000e+02,
         0.00000000e+00,  0.00000000e+00,  0.00000000e+00,
         1.00000000e+00,  0.00000000e+00]])>","<Parameter: name=identity, dtype=float64, shape=[34, 11], fn=""identity"", numpy=
array([[-2.81536763e-01,  2.04000000e+02, -2.21710200e+00,
         1.34002524e-01, -1.33844478e+00,  4.20000000e+02,
         1.00000000e+00,  0.00000000e+00,  0.00000000e+00,
         0.00000000e+00,  0.00000000e+00],
       [ 1.34284505e+00,  9.90000000e+02,  1.21208889e+00,
         5.12035359e-01,  9.19263496e-01,  6.00000000e+02,
         0.00000000e+00,  0.00000000e+00,  1.00000000e+00,
         0.00000000e+00,  0.00000000e+00],
       [-1.09372767e+00,  5.41000000e+02, -1.32798505e-01,
         1.05626037e+00, -1.34234540e+00,  5.53000000e+02,
         0.00000000e+00,  1.00000000e+00,  0.00000000e+00,
         0.00000000e+00,  0.00000000e+00],
       [ 4.43633688e-01,  2.29000000e+02,  1.38948961e+00,
         1.34059407e+00,  1.02790459e+00,  4.20000000e+02,
         1.00000000e+00,  0.00000000e+00,  0.00000000e+00,
         0.00000000e+00,  0.00000000e+00],
       [-3.10543582e-01,  1.29800000e+03,  1.21208889e+00,
         5.12035359e-01,  9.19263496e-01,  6.00000000e+02,
         0.00000000e+00,  0.00000000e+00,  0.00000000e+00,
         1.00000000e+00,  0.00000000e+00],
       [ 9.55518712e-02,  2.17000000e+02, -3.56737361e-01,
        -8.94424499e-01, -1.20556418e-01,  4.20000000e+02,
         1.00000000e+00,  0.00000000e+00,  0.00000000e+00,
         0.00000000e+00,  0.00000000e+00],
       [ 1.02377005e+00,  1.70900000e+03, -3.30269455e-01,
         3.78392645e-01, -9.67588975e-01,  4.20000000e+02,
         0.00000000e+00,  0.00000000e+00,  0.00000000e+00,
         0.00000000e+00,  1.00000000e+00],
       [ 1.57489959e+00,  2.68000000e+02, -7.97557355e-01,
        -1.92583438e+00,  1.14127754e-01,  4.20000000e+02,
         1.00000000e+00,  0.00000000e+00,  0.00000000e+00,
         0.00000000e+00,  0.00000000e+00],
       [ 9.36749595e-01,  1.34100000e+03, -5.19849901e-01,
         1.75052691e-01, -1.05507646e+00,  6.00000000e+02,
         0.00000000e+00,  0.00000000e+00,  0.00000000e+00,
         1.00000000e+00,  0.00000000e+00],
       [-2.04754010e-02,  5.78000000e+02,  3.16508775e-01,
        -2.44956772e-01, -1.37406359e-01,  7.35000000e+02,
         0.00000000e+00,  1.00000000e+00,  0.00000000e+00,
         0.00000000e+00,  0.00000000e+00],
       [-4.84584490e-01,  9.27000000e+02,  3.46847083e-04,
         8.46966085e-01, -8.49198478e-01,  3.82000000e+02,
         0.00000000e+00,  0.00000000e+00,  1.00000000e+00,
         0.00000000e+00,  0.00000000e+00],
       [-1.20975494e+00,  9.02000000e+02, -2.23898020e+00,
         2.07349973e-01, -1.08976170e+00,  5.38000000e+02,
         0.00000000e+00,  0.00000000e+00,  1.00000000e+00,
         0.00000000e+00,  0.00000000e+00],
       [-1.49982312e+00,  1.25700000e+03,  1.21208889e+00,
         5.12035359e-01,  9.19263496e-01,  6.00000000e+02,
         0.00000000e+00,  0.00000000e+00,  0.00000000e+00,
         1.00000000e+00,  0.00000000e+00],
       [ 5.30654142e-01,  5.97000000e+02,  5.70266777e-01,
        -2.14826649e+00,  2.30233823e+00,  3.75000000e+02,
         0.00000000e+00,  1.00000000e+00,  0.00000000e+00,
         0.00000000e+00,  0.00000000e+00],
       [-1.07495855e-01,  9.40000000e+02,  1.21208889e+00,
         5.12035359e-01,  9.19263496e-01,  6.00000000e+02,
         0.00000000e+00,  0.00000000e+00,  1.00000000e+00,
         0.00000000e+00,  0.00000000e+00],
       [-1.26776858e+00,  9.00000000e+02,  7.07379731e-01,
         4.87457916e-01,  2.39746347e-01,  4.00000000e+02,
         0.00000000e+00,  0.00000000e+00,  1.00000000e+00,
         0.00000000e+00,  0.00000000e+00],
       [ 1.63291323e+00,  1.73000000e+03, -1.71844190e-02,
        -9.10221736e-01,  2.57294761e-01,  3.98000000e+02,
         0.00000000e+00,  0.00000000e+00,  0.00000000e+00,
         0.00000000e+00,  1.00000000e+00],
       [ 8.78735959e-01,  2.44000000e+02, -7.97557355e-01,
        -1.92583438e+00,  1.14127754e-01,  4.20000000e+02,
         1.00000000e+00,  0.00000000e+00,  0.00000000e+00,
         0.00000000e+00,  0.00000000e+00],
       [-1.12273449e+00,  1.27000000e+03,  3.16508775e-01,
        -2.44956772e-01, -1.37406359e-01,  7.07000000e+02,
         0.00000000e+00,  0.00000000e+00,  0.00000000e+00,
         1.00000000e+00,  0.00000000e+00],
       [ 1.08178369e+00,  1.34600000e+03, -5.19849901e-01,
         1.75052691e-01, -1.05507646e+00,  6.00000000e+02,
         0.00000000e+00,  0.00000000e+00,  0.00000000e+00,
         1.00000000e+00,  0.00000000e+00],
       [-7.74652670e-01,  1.28200000e+03, -2.56368300e-01,
         3.50754487e-01, -7.28485694e-01,  6.00000000e+02,
         0.00000000e+00,  0.00000000e+00,  0.00000000e+00,
         1.00000000e+00,  0.00000000e+00],
       [-1.29677540e+00,  1.26400000e+03,  7.09046739e-01,
         4.85936922e-01,  2.49771025e-01,  6.00000000e+02,
         0.00000000e+00,  0.00000000e+00,  0.00000000e+00,
         1.00000000e+00,  0.00000000e+00],
       [-1.44180949e+00,  1.25900000e+03,  1.21208889e+00,
         5.12035359e-01,  9.19263496e-01,  6.00000000e+02,
         0.00000000e+00,  0.00000000e+00,  0.00000000e+00,
         1.00000000e+00,  0.00000000e+00],
       [-2.04754010e-02,  5.78000000e+02,  3.16508775e-01,
        -2.44956772e-01, -1.37406359e-01,  7.37000000e+02,
         0.00000000e+00,  1.00000000e+00,  0.00000000e+00,
         0.00000000e+00,  0.00000000e+00],
       [-1.76088448e+00,  1.61300000e+03,  5.70266777e-01,
        -2.14826649e+00,  2.30233823e+00,  3.58000000e+02,
         0.00000000e+00,  0.00000000e+00,  0.00000000e+00,
         0.00000000e+00,  1.00000000e+00],
       [ 1.22681778e+00,  9.86000000e+02, -3.30269455e-01,
         3.78392645e-01, -9.67588975e-01,  6.00000000e+02,
         0.00000000e+00,  0.00000000e+00,  1.00000000e+00,
         0.00000000e+00,  0.00000000e+00],
       [-6.87632216e-01,  5.55000000e+02,  2.55319120e-01,
        -2.11144873e+00,  1.85906591e+00,  4.09000000e+02,
         0.00000000e+00,  1.00000000e+00,  0.00000000e+00,
         0.00000000e+00,  0.00000000e+00],
       [ 5.30654142e-01,  1.69200000e+03,  1.85330615e-01,
        -2.86938566e-01, -2.84853219e-01,  4.20000000e+02,
         0.00000000e+00,  0.00000000e+00,  0.00000000e+00,
         0.00000000e+00,  1.00000000e+00],
       [-1.12273449e+00,  1.75000000e+02,  3.52202432e-01,
         1.36101964e+00,  3.34145247e-01,  6.90000000e+02,
         1.00000000e+00,  0.00000000e+00,  0.00000000e+00,
         0.00000000e+00,  0.00000000e+00],
       [ 8.49729141e-01,  1.33800000e+03, -2.21710200e+00,
         1.34002524e-01, -1.33844478e+00,  6.00000000e+02,
         0.00000000e+00,  0.00000000e+00,  0.00000000e+00,
         1.00000000e+00,  0.00000000e+00],
       [-3.68557218e-01,  1.29600000e+03,  3.52202432e-01,
         1.36101964e+00,  3.34145247e-01,  6.85000000e+02,
         0.00000000e+00,  0.00000000e+00,  0.00000000e+00,
         1.00000000e+00,  0.00000000e+00],
       [ 1.25582459e+00,  1.35200000e+03,  5.99208744e-01,
         1.04382004e+00, -4.59303814e-01,  4.75000000e+02,
         0.00000000e+00,  0.00000000e+00,  0.00000000e+00,
         1.00000000e+00,  0.00000000e+00],
       [ 7.62708687e-01,  2.40000000e+02, -2.21710200e+00,
         1.34002524e-01, -1.33844478e+00,  4.20000000e+02,
         1.00000000e+00,  0.00000000e+00,  0.00000000e+00,
         0.00000000e+00,  0.00000000e+00],
       [ 7.04695050e-01,  9.68000000e+02,  2.47697633e-01,
         4.75851406e-01, -3.83933555e-01,  6.00000000e+02,
         0.00000000e+00,  0.00000000e+00,  1.00000000e+00,
         0.00000000e+00,  0.00000000e+00]])>","<Parameter: name=identity, dtype=float64, shape=[43, 11], fn=""identity"", numpy=
array([[-1.31992778e+00,  1.25900000e+03,  1.50590151e+00,
         4.95898192e-01,  1.31143904e+00,  6.00000000e+02,
         0.00000000e+00,  0.00000000e+00,  0.00000000e+00,
         1.00000000e+00,  0.00000000e+00],
       [ 1.87677232e-01,  1.31000000e+03, -1.04136519e+00,
         5.62652231e-01, -8.98660397e-01,  6.00000000e+02,
         0.00000000e+00,  0.00000000e+00,  0.00000000e+00,
         1.00000000e+00,  0.00000000e+00],
       [-2.26175125e-01,  1.29600000e+03,  7.97442039e-01,
         1.49525379e+00,  7.08541141e-01,  6.85000000e+02,
         0.00000000e+00,  0.00000000e+00,  0.00000000e+00,
         1.00000000e+00,  0.00000000e+00],
       [-1.52685396e+00,  1.57000000e+02, -1.31236597e+00,
         1.51507718e-01, -8.31664650e-01,  4.20000000e+02,
         1.00000000e+00,  0.00000000e+00,  0.00000000e+00,
         0.00000000e+00,  0.00000000e+00],
       [-9.94758073e-01,  1.27000000e+03,  7.68034076e-01,
        -3.95171689e-01,  2.22660773e-01,  7.07000000e+02,
         0.00000000e+00,  0.00000000e+00,  0.00000000e+00,
         1.00000000e+00,  0.00000000e+00],
       [-1.08344072e+00,  9.02000000e+02, -1.33743038e+00,
         1.37247210e-01, -7.58633233e-01,  5.38000000e+02,
         0.00000000e+00,  0.00000000e+00,  1.00000000e+00,
         0.00000000e+00,  0.00000000e+00],
       [-9.65197191e-01,  5.41000000e+02,  3.97850320e-01,
         1.13651583e+00, -1.01889204e+00,  5.53000000e+02,
         0.00000000e+00,  1.00000000e+00,  0.00000000e+00,
         0.00000000e+00,  0.00000000e+00],
       [ 3.05920762e-01,  5.84000000e+02, -1.04136519e+00,
         5.62652231e-01, -8.98660397e-01,  6.00000000e+02,
         0.00000000e+00,  1.00000000e+00,  0.00000000e+00,
         0.00000000e+00,  0.00000000e+00],
       [ 1.81352578e+00,  1.73000000e+03,  4.93104634e-01,
        -1.17826777e+00,  6.29355445e-01,  3.98000000e+02,
         0.00000000e+00,  0.00000000e+00,  0.00000000e+00,
         0.00000000e+00,  1.00000000e+00],
       [ 1.28555466e-01,  5.78000000e+02,  7.68034076e-01,
        -3.95171689e-01,  2.22660773e-01,  7.35000000e+02,
         0.00000000e+00,  1.00000000e+00,  0.00000000e+00,
         0.00000000e+00,  0.00000000e+00],
       [ 1.25186901e+00,  1.34600000e+03,  7.89591160e-02,
         9.92294638e-02, -7.22894034e-01,  6.00000000e+02,
         0.00000000e+00,  0.00000000e+00,  0.00000000e+00,
         1.00000000e+00,  0.00000000e+00],
       [-6.10466599e-01,  5.53000000e+02, -1.04136519e+00,
         5.62652231e-01, -8.98660397e-01,  6.00000000e+02,
         0.00000000e+00,  1.00000000e+00,  0.00000000e+00,
         0.00000000e+00,  0.00000000e+00],
       [ 9.26699297e-01,  2.40000000e+02, -1.31940496e+00,
         5.09085281e-02, -1.01487290e+00,  4.20000000e+02,
         1.00000000e+00,  0.00000000e+00,  0.00000000e+00,
         0.00000000e+00,  0.00000000e+00],
       [ 8.67577532e-01,  9.68000000e+02,  7.11340654e-01,
         4.53305370e-01, -3.13575005e-02,  6.00000000e+02,
         0.00000000e+00,  0.00000000e+00,  1.00000000e+00,
         0.00000000e+00,  0.00000000e+00],
       [-9.94758073e-01,  1.75000000e+02,  7.97442039e-01,
         1.49525379e+00,  7.08541141e-01,  6.90000000e+02,
         1.00000000e+00,  0.00000000e+00,  0.00000000e+00,
         0.00000000e+00,  0.00000000e+00],
       [ 1.03119358e-02,  9.39000000e+02, -1.04136519e+00,
         5.62652231e-01, -8.98660397e-01,  6.00000000e+02,
         0.00000000e+00,  0.00000000e+00,  1.00000000e+00,
         0.00000000e+00,  0.00000000e+00],
       [-6.40027482e-01,  5.52000000e+02, -1.04136519e+00,
         5.62652231e-01, -8.98660397e-01,  6.00000000e+02,
         0.00000000e+00,  1.00000000e+00,  0.00000000e+00,
         0.00000000e+00,  0.00000000e+00],
       [ 3.98728184e-02,  5.75000000e+02,  8.18474516e-01,
        -1.17796785e+00,  1.09330238e+00,  6.00000000e+02,
         0.00000000e+00,  1.00000000e+00,  0.00000000e+00,
         0.00000000e+00,  0.00000000e+00],
       [ 1.45879518e+00,  2.58000000e+02, -8.58351665e-01,
         6.24511360e-01, -9.97503722e-01,  4.20000000e+02,
         1.00000000e+00,  0.00000000e+00,  0.00000000e+00,
         0.00000000e+00,  0.00000000e+00],
       [ 1.04494283e+00,  2.44000000e+02, -1.49843739e-01,
        -2.37376480e+00,  4.81838105e-01,  4.20000000e+02,
         1.00000000e+00,  0.00000000e+00,  0.00000000e+00,
         0.00000000e+00,  0.00000000e+00],
       [-5.51344834e-01,  5.55000000e+02,  7.17619989e-01,
        -2.59225499e+00,  2.27979868e+00,  4.09000000e+02,
         0.00000000e+00,  1.00000000e+00,  0.00000000e+00,
         0.00000000e+00,  0.00000000e+00],
       [-6.40027482e-01,  1.28200000e+03,  2.96041307e-01,
         3.06051400e-01, -3.86379343e-01,  6.00000000e+02,
         0.00000000e+00,  0.00000000e+00,  0.00000000e+00,
         1.00000000e+00,  0.00000000e+00],
       [ 1.28555466e-01,  5.78000000e+02,  7.68034076e-01,
        -3.95171689e-01,  2.22660773e-01,  7.37000000e+02,
         0.00000000e+00,  1.00000000e+00,  0.00000000e+00,
         0.00000000e+00,  0.00000000e+00],
       [ 1.90220842e+00,  1.00300000e+03, -1.04136519e+00,
         5.62652231e-01, -8.98660397e-01,  6.00000000e+02,
         0.00000000e+00,  0.00000000e+00,  1.00000000e+00,
         0.00000000e+00,  0.00000000e+00],
       [-2.85296890e-01,  5.64000000e+02, -8.58351665e-01,
         6.24511360e-01, -9.97503722e-01,  6.00000000e+02,
         0.00000000e+00,  1.00000000e+00,  0.00000000e+00,
         0.00000000e+00,  0.00000000e+00],
       [-1.14256249e+00,  9.00000000e+02,  1.09007221e+00,
         4.66967614e-01,  6.11273797e-01,  4.00000000e+02,
         0.00000000e+00,  0.00000000e+00,  1.00000000e+00,
         0.00000000e+00,  0.00000000e+00],
       [ 1.51791695e+00,  9.90000000e+02,  1.50590151e+00,
         4.95898192e-01,  1.31143904e+00,  6.00000000e+02,
         0.00000000e+00,  0.00000000e+00,  1.00000000e+00,
         0.00000000e+00,  0.00000000e+00],
       [ 1.01538195e+00,  1.33800000e+03, -1.31940496e+00,
         5.09085281e-02, -1.01487290e+00,  6.00000000e+02,
         0.00000000e+00,  0.00000000e+00,  0.00000000e+00,
         1.00000000e+00,  0.00000000e+00],
       [-1.37904955e+00,  1.25700000e+03,  1.50590151e+00,
         4.95898192e-01,  1.31143904e+00,  6.00000000e+02,
         0.00000000e+00,  0.00000000e+00,  0.00000000e+00,
         1.00000000e+00,  0.00000000e+00],
       [-1.67053360e-01,  1.29800000e+03,  1.50590151e+00,
         4.95898192e-01,  1.31143904e+00,  6.00000000e+02,
         0.00000000e+00,  0.00000000e+00,  0.00000000e+00,
         1.00000000e+00,  0.00000000e+00],
       [ 1.75440401e+00,  2.68000000e+02, -1.49843739e-01,
        -2.37376480e+00,  4.81838105e-01,  4.20000000e+02,
         1.00000000e+00,  0.00000000e+00,  0.00000000e+00,
         0.00000000e+00,  0.00000000e+00],
       [-1.17212337e+00,  1.26400000e+03,  1.09144566e+00,
         4.65177224e-01,  6.21603090e-01,  6.00000000e+02,
         0.00000000e+00,  0.00000000e+00,  0.00000000e+00,
         1.00000000e+00,  0.00000000e+00],
       [-1.05387984e+00,  9.03000000e+02, -1.04136519e+00,
         5.62652231e-01, -8.98660397e-01,  6.00000000e+02,
         0.00000000e+00,  0.00000000e+00,  1.00000000e+00,
         0.00000000e+00,  0.00000000e+00],
       [ 1.90220842e+00,  6.38000000e+02,  8.18474516e-01,
        -1.17796785e+00,  1.09330238e+00,  6.00000000e+02,
         0.00000000e+00,  1.00000000e+00,  0.00000000e+00,
         0.00000000e+00,  0.00000000e+00],
       [-2.26175125e-01,  1.29600000e+03, -1.04136519e+00,
         5.62652231e-01, -8.98660397e-01,  6.00000000e+02,
         0.00000000e+00,  0.00000000e+00,  0.00000000e+00,
         1.00000000e+00,  0.00000000e+00],
       [ 1.10406459e+00,  1.34100000e+03,  7.89591160e-02,
         9.92294638e-02, -7.22894034e-01,  6.00000000e+02,
         0.00000000e+00,  0.00000000e+00,  0.00000000e+00,
         1.00000000e+00,  0.00000000e+00],
       [-3.44418656e-01,  9.27000000e+02,  5.07548624e-01,
         8.90151539e-01, -5.10760156e-01,  3.82000000e+02,
         0.00000000e+00,  0.00000000e+00,  1.00000000e+00,
         0.00000000e+00,  0.00000000e+00],
       [-9.65197191e-01,  1.76000000e+02, -1.31236597e+00,
         1.51507718e-01, -8.31664650e-01,  4.20000000e+02,
         1.00000000e+00,  0.00000000e+00,  0.00000000e+00,
         0.00000000e+00,  0.00000000e+00],
       [ 3.98728184e-02,  9.40000000e+02,  1.50590151e+00,
         4.95898192e-01,  1.31143904e+00,  6.00000000e+02,
         0.00000000e+00,  0.00000000e+00,  1.00000000e+00,
         0.00000000e+00,  0.00000000e+00],
       [ 2.46798997e-01,  2.17000000e+02,  2.13347352e-01,
        -1.15967254e+00,  2.40022724e-01,  4.20000000e+02,
         1.00000000e+00,  0.00000000e+00,  0.00000000e+00,
         0.00000000e+00,  0.00000000e+00],
       [ 3.98728184e-02,  1.67000000e+03,  8.38323600e-01,
        -2.66218730e+00,  2.70111912e+00,  4.20000000e+02,
         0.00000000e+00,  0.00000000e+00,  0.00000000e+00,
         0.00000000e+00,  1.00000000e+00],
       [-1.37492477e-01,  2.04000000e+02, -1.31940496e+00,
         5.09085281e-02, -1.01487290e+00,  4.20000000e+02,
         1.00000000e+00,  0.00000000e+00,  0.00000000e+00,
         0.00000000e+00,  0.00000000e+00],
       [-1.26080602e+00,  1.66000000e+02, -1.31236597e+00,
         1.51507718e-01, -8.31664650e-01,  4.20000000e+02,
         1.00000000e+00,  0.00000000e+00,  0.00000000e+00,
         0.00000000e+00,  0.00000000e+00]])>","<Parameter: name=identity, dtype=float64, shape=[44, 11], fn=""identity"", numpy=
array([[-1.76254601e+00,  1.61300000e+03,  8.77166582e-01,
        -2.23128850e+00,  2.28093453e+00,  3.58000000e+02,
         0.00000000e+00,  0.00000000e+00,  0.00000000e+00,
         0.00000000e+00,  1.00000000e+00],
       [ 1.40592191e+00,  2.58000000e+02, -9.50952385e-01,
         5.90394205e-01, -9.92790715e-01,  4.20000000e+02,
         1.00000000e+00,  0.00000000e+00,  0.00000000e+00,
         0.00000000e+00,  0.00000000e+00],
       [-3.74455300e-01,  5.64000000e+02, -9.50952385e-01,
         5.90394205e-01, -9.92790715e-01,  6.00000000e+02,
         0.00000000e+00,  1.00000000e+00,  0.00000000e+00,
         0.00000000e+00,  0.00000000e+00],
       [-1.37025950e+00,  1.66000000e+02, -1.40315166e+00,
         1.81000611e-01, -8.47395660e-01,  4.20000000e+02,
         1.00000000e+00,  0.00000000e+00,  0.00000000e+00,
         0.00000000e+00,  0.00000000e+00],
       [ 6.21348904e-01,  1.69200000e+03,  5.61285998e-01,
        -3.34932592e-01, -5.62417318e-02,  4.20000000e+02,
         0.00000000e+00,  0.00000000e+00,  0.00000000e+00,
         0.00000000e+00,  1.00000000e+00],
       [-1.15902831e+00,  9.03000000e+02, -1.13323426e+00,
         5.36853960e-01, -9.06132423e-01,  6.00000000e+02,
         0.00000000e+00,  0.00000000e+00,  1.00000000e+00,
         0.00000000e+00,  0.00000000e+00],
       [ 1.70768076e+00,  2.68000000e+02, -2.45276899e-01,
        -2.00467049e+00,  3.04183416e-01,  4.20000000e+02,
         1.00000000e+00,  0.00000000e+00,  0.00000000e+00,
         0.00000000e+00,  0.00000000e+00],
       [ 4.80070897e-02,  5.78000000e+02,  6.68931467e-01,
        -2.92160750e-01,  7.69564899e-02,  7.35000000e+02,
         0.00000000e+00,  1.00000000e+00,  0.00000000e+00,
         0.00000000e+00,  0.00000000e+00],
       [-1.06850065e+00,  1.76000000e+02, -1.40315166e+00,
         1.81000611e-01, -8.47395660e-01,  4.20000000e+02,
         1.00000000e+00,  0.00000000e+00,  0.00000000e+00,
         0.00000000e+00,  0.00000000e+00],
       [-4.25205652e-02,  5.75000000e+02,  7.19170259e-01,
        -9.69685625e-01,  8.40268678e-01,  6.00000000e+02,
         0.00000000e+00,  1.00000000e+00,  0.00000000e+00,
         0.00000000e+00,  0.00000000e+00],
       [ 9.53283639e-01,  1.33800000e+03, -1.41016250e+00,
         9.39301103e-02, -1.00801869e+00,  6.00000000e+02,
         0.00000000e+00,  0.00000000e+00,  0.00000000e+00,
         1.00000000e+00,  0.00000000e+00],
       [ 6.21348904e-01,  5.97000000e+02,  8.77166582e-01,
        -2.23128850e+00,  2.28093453e+00,  3.75000000e+02,
         0.00000000e+00,  1.00000000e+00,  0.00000000e+00,
         0.00000000e+00,  0.00000000e+00],
       [-1.06850065e+00,  5.41000000e+02,  3.00227615e-01,
         1.03354375e+00, -1.01154236e+00,  5.53000000e+02,
         0.00000000e+00,  1.00000000e+00,  0.00000000e+00,
         0.00000000e+00,  0.00000000e+00],
       [-4.25205652e-02,  9.40000000e+02,  1.40384909e+00,
         4.79077076e-01,  1.03151426e+00,  6.00000000e+02,
         0.00000000e+00,  0.00000000e+00,  1.00000000e+00,
         0.00000000e+00,  0.00000000e+00],
       [-3.14103530e-01,  1.29600000e+03, -1.13323426e+00,
         5.36853960e-01, -9.06132423e-01,  6.00000000e+02,
         0.00000000e+00,  0.00000000e+00,  0.00000000e+00,
         1.00000000e+00,  0.00000000e+00],
       [ 1.08358860e-01,  1.31000000e+03, -1.13323426e+00,
         5.36853960e-01, -9.06132423e-01,  6.00000000e+02,
         0.00000000e+00,  0.00000000e+00,  0.00000000e+00,
         1.00000000e+00,  0.00000000e+00],
       [-1.64184247e+00,  1.57000000e+02, -1.40315166e+00,
         1.81000611e-01, -8.47395660e-01,  4.20000000e+02,
         1.00000000e+00,  0.00000000e+00,  0.00000000e+00,
         0.00000000e+00,  0.00000000e+00],
       [ 1.46627368e+00,  9.90000000e+02,  1.40384909e+00,
         4.79077076e-01,  1.03151426e+00,  6.00000000e+02,
         0.00000000e+00,  0.00000000e+00,  1.00000000e+00,
         0.00000000e+00,  0.00000000e+00],
       [-2.23575875e-01,  2.04000000e+02, -1.41016250e+00,
         9.39301103e-02, -1.00801869e+00,  4.20000000e+02,
         1.00000000e+00,  0.00000000e+00,  0.00000000e+00,
         0.00000000e+00,  0.00000000e+00],
       [ 8.02404214e-01,  9.68000000e+02,  6.12464692e-01,
         4.42212184e-01, -1.45747366e-01,  6.00000000e+02,
         0.00000000e+00,  0.00000000e+00,  1.00000000e+00,
         0.00000000e+00,  0.00000000e+00],
       [-4.34807070e-01,  9.27000000e+02,  4.09487372e-01,
         8.20310802e-01, -5.66051065e-01,  3.82000000e+02,
         0.00000000e+00,  0.00000000e+00,  1.00000000e+00,
         0.00000000e+00,  0.00000000e+00],
       [ 8.62755984e-01,  2.40000000e+02, -1.41016250e+00,
         9.39301103e-02, -1.00801869e+00,  4.20000000e+02,
         1.00000000e+00,  0.00000000e+00,  0.00000000e+00,
         0.00000000e+00,  0.00000000e+00],
       [-1.49096304e+00,  1.25700000e+03,  1.40384909e+00,
         4.79077076e-01,  1.03151426e+00,  6.00000000e+02,
         0.00000000e+00,  0.00000000e+00,  0.00000000e+00,
         1.00000000e+00,  0.00000000e+00],
       [ 1.85856019e+00,  1.00300000e+03, -1.13323426e+00,
         5.36853960e-01, -9.06132423e-01,  6.00000000e+02,
         0.00000000e+00,  0.00000000e+00,  1.00000000e+00,
         0.00000000e+00,  0.00000000e+00],
       [ 5.30821249e-01,  2.29000000e+02,  1.54942503e+00,
         1.32322828e+00,  1.12965675e+00,  4.20000000e+02,
         1.00000000e+00,  0.00000000e+00,  0.00000000e+00,
         0.00000000e+00,  0.00000000e+00],
       [ 2.29062400e-01,  5.84000000e+02, -1.13323426e+00,
         5.36853960e-01, -9.06132423e-01,  6.00000000e+02,
         0.00000000e+00,  1.00000000e+00,  0.00000000e+00,
         0.00000000e+00,  0.00000000e+00],
       [ 1.68710630e-01,  2.17000000e+02,  1.16462244e-01,
        -9.53850692e-01,  9.21781250e-02,  4.20000000e+02,
         1.00000000e+00,  0.00000000e+00,  0.00000000e+00,
         0.00000000e+00,  0.00000000e+00],
       [-7.26964502e-02,  9.39000000e+02, -1.13323426e+00,
         5.36853960e-01, -9.06132423e-01,  6.00000000e+02,
         0.00000000e+00,  0.00000000e+00,  1.00000000e+00,
         0.00000000e+00,  0.00000000e+00],
       [ 1.34557014e+00,  9.86000000e+02,  1.38181943e-01,
         3.42919365e-01, -6.73000807e-01,  6.00000000e+02,
         0.00000000e+00,  0.00000000e+00,  1.00000000e+00,
         0.00000000e+00,  0.00000000e+00],
       [-2.53751760e-01,  1.29800000e+03,  1.40384909e+00,
         4.79077076e-01,  1.03151426e+00,  6.00000000e+02,
         0.00000000e+00,  0.00000000e+00,  0.00000000e+00,
         1.00000000e+00,  0.00000000e+00],
       [ 1.85856019e+00,  6.38000000e+02,  7.19170259e-01,
        -9.69685625e-01,  8.40268678e-01,  6.00000000e+02,
         0.00000000e+00,  1.00000000e+00,  0.00000000e+00,
         0.00000000e+00,  0.00000000e+00],
       [-7.36565920e-01,  5.52000000e+02, -1.13323426e+00,
         5.36853960e-01, -9.06132423e-01,  6.00000000e+02,
         0.00000000e+00,  1.00000000e+00,  0.00000000e+00,
         0.00000000e+00,  0.00000000e+00],
       [ 1.13433895e+00,  1.70900000e+03,  1.38181943e-01,
         3.42919365e-01, -6.73000807e-01,  4.20000000e+02,
         0.00000000e+00,  0.00000000e+00,  0.00000000e+00,
         0.00000000e+00,  1.00000000e+00],
       [ 4.80070897e-02,  5.78000000e+02,  6.68931467e-01,
        -2.92160750e-01,  7.69564899e-02,  7.37000000e+02,
         0.00000000e+00,  1.00000000e+00,  0.00000000e+00,
         0.00000000e+00,  0.00000000e+00],
       [-7.36565920e-01,  1.28200000e+03,  1.98825609e-01,
         3.14761089e-01, -4.57003451e-01,  6.00000000e+02,
         0.00000000e+00,  0.00000000e+00,  0.00000000e+00,
         1.00000000e+00,  0.00000000e+00],
       [-1.09867654e+00,  1.27000000e+03,  6.68931467e-01,
        -2.92160750e-01,  7.69564899e-02,  7.07000000e+02,
         0.00000000e+00,  0.00000000e+00,  0.00000000e+00,
         1.00000000e+00,  0.00000000e+00],
       [-1.09867654e+00,  1.75000000e+02,  6.98221865e-01,
         1.34403824e+00,  5.02939354e-01,  6.90000000e+02,
         1.00000000e+00,  0.00000000e+00,  0.00000000e+00,
         0.00000000e+00,  0.00000000e+00],
       [-1.43061127e+00,  1.25900000e+03,  1.40384909e+00,
         4.79077076e-01,  1.03151426e+00,  6.00000000e+02,
         0.00000000e+00,  0.00000000e+00,  0.00000000e+00,
         1.00000000e+00,  0.00000000e+00],
       [-3.14103530e-01,  1.29600000e+03,  6.98221865e-01,
         1.34403824e+00,  5.02939354e-01,  6.85000000e+02,
         0.00000000e+00,  0.00000000e+00,  0.00000000e+00,
         1.00000000e+00,  0.00000000e+00],
       [-6.46038265e-01,  5.55000000e+02,  6.18718924e-01,
        -2.19377788e+00,  1.88049817e+00,  4.09000000e+02,
         0.00000000e+00,  1.00000000e+00,  0.00000000e+00,
         0.00000000e+00,  0.00000000e+00],
       [ 9.83459524e-01,  2.44000000e+02, -2.45276899e-01,
        -2.00467049e+00,  3.04183416e-01,  4.20000000e+02,
         1.00000000e+00,  0.00000000e+00,  0.00000000e+00,
         0.00000000e+00,  0.00000000e+00],
       [-7.06390035e-01,  5.53000000e+02, -1.13323426e+00,
         5.36853960e-01, -9.06132423e-01,  6.00000000e+02,
         0.00000000e+00,  1.00000000e+00,  0.00000000e+00,
         0.00000000e+00,  0.00000000e+00],
       [-4.25205652e-02,  1.67000000e+03,  7.38939991e-01,
        -2.25430562e+00,  2.24987981e+00,  4.20000000e+02,
         0.00000000e+00,  0.00000000e+00,  0.00000000e+00,
         0.00000000e+00,  1.00000000e+00],
       [ 1.37574603e+00,  1.35200000e+03,  9.00916508e-01,
         1.02086932e+00, -2.13834163e-01,  4.75000000e+02,
         0.00000000e+00,  0.00000000e+00,  0.00000000e+00,
         1.00000000e+00,  0.00000000e+00]])>"
.q_mu,"<Parameter: name=identity, dtype=float64, shape=[40, 1], fn=""identity"", numpy=
array([[ 0.02392535],
       [ 0.01598123],
       [-0.0358642 ],
       [-0.02045082],
       [-0.03547087],
       [ 0.03222747],
       [ 0.03416237],
       [ 0.03239609],
       [ 0.03513267],
       [ 0.00723423],
       [ 0.03334696],
       [ 0.02209881],
       [-0.03671507],
       [-0.03819171],
       [-0.01910532],
       [-0.03737365],
       [ 0.01153417],
       [ 0.00445875],
       [-0.03461922],
       [ 0.02771249],
       [-0.03227713],
       [ 0.03582022],
       [ 0.03186796],
       [-0.02565419],
       [-0.02719838],
       [ 0.03341207],
       [-0.03054049],
       [ 0.02758149],
       [ 0.0181726 ],
       [-0.03428974],
       [-0.03495446],
       [ 0.0244209 ],
       [-0.02831455],
       [-0.02882086],
       [ 0.03426247],
       [-0.00702201],
       [ 0.01385286],
       [-0.0315667 ],
       [ 0.03244365],
       [ 0.02772197]])>","<Parameter: name=identity, dtype=float64, shape=[39, 1], fn=""identity"", numpy=
array([[-0.00503062],
       [ 0.02395311],
       [ 0.021756  ],
       [-0.03634647],
       [-0.03661533],
       [-0.03121551],
       [-0.02200522],
       [-0.01764878],
       [ 0.00396102],
       [ 0.03678254],
       [ 0.0381691 ],
       [ 0.03679446],
       [-0.03517073],
       [-0.03165035],
       [-0.02030536],
       [-0.00550698],
       [-0.02440295],
       [-0.03496358],
       [-0.03224588],
       [ 0.03737903],
       [ 0.0361602 ],
       [ 0.03417472],
       [ 0.03629948],
       [ 0.03417203],
       [-0.02555919],
       [ 0.03175568],
       [-0.03424762],
       [ 0.03212672],
       [-0.03012559],
       [-0.03122692],
       [ 0.01380527],
       [ 0.0305334 ],
       [ 0.03529424],
       [ 0.03506921],
       [ 0.03254492],
       [ 0.03345964],
       [-0.02262232],
       [-0.03183165],
       [-0.019934  ]])>","<Parameter: name=identity, dtype=float64, shape=[34, 1], fn=""identity"", numpy=
array([[-0.03361812],
       [ 0.03213215],
       [-0.02554342],
       [ 0.02929009],
       [ 0.03469583],
       [-0.02553589],
       [-0.03558324],
       [-0.02118707],
       [ 0.03010903],
       [-0.02744833],
       [-0.03632871],
       [-0.03122617],
       [ 0.0261686 ],
       [ 0.03471076],
       [ 0.02769486],
       [-0.0348037 ],
       [-0.0342076 ],
       [ 0.03491972],
       [-0.02644757],
       [-0.03259087],
       [ 0.03631824],
       [ 0.02699145],
       [ 0.00209657],
       [ 0.02380355],
       [-0.02080723],
       [ 0.02718804],
       [ 0.03002693],
       [-0.03190007],
       [ 0.03517853],
       [ 0.0153917 ],
       [ 0.03278665],
       [ 0.03324773],
       [-0.03273567],
       [ 0.03281749]])>","<Parameter: name=identity, dtype=float64, shape=[43, 1], fn=""identity"", numpy=
array([[ 0.0329681 ],
       [-0.01666979],
       [ 0.03721825],
       [-0.03824217],
       [-0.01077488],
       [-0.03556811],
       [-0.0268217 ],
       [-0.03019153],
       [-0.01221688],
       [ 0.03535891],
       [ 0.03753801],
       [-0.03656529],
       [-0.02974825],
       [ 0.03153335],
       [ 0.03208712],
       [-0.03736553],
       [ 0.02332204],
       [ 0.03509751],
       [-0.02509948],
       [ 0.0313432 ],
       [ 0.03504091],
       [ 0.02204868],
       [-0.03147239],
       [-0.02371558],
       [-0.03006365],
       [-0.0037076 ],
       [ 0.0348843 ],
       [ 0.03420482],
       [-0.03061813],
       [ 0.03161802],
       [-0.02964382],
       [-0.00909631],
       [-0.03309462],
       [-0.02610551],
       [-0.03258451],
       [ 0.03279097],
       [-0.03022866],
       [-0.03736089],
       [ 0.02904701],
       [ 0.03060381],
       [ 0.02971439],
       [-0.02252634],
       [-0.03179605]])>","<Parameter: name=identity, dtype=float64, shape=[44, 1], fn=""identity"", numpy=
array([[-0.00464594],
       [-0.03702661],
       [-0.03440739],
       [-0.03684988],
       [ 0.03265106],
       [-0.01143847],
       [ 0.03619917],
       [ 0.0350811 ],
       [-0.02159653],
       [ 0.03566581],
       [ 0.03546806],
       [ 0.03494784],
       [-0.01239503],
       [ 0.03659834],
       [ 0.02871239],
       [ 0.01764761],
       [-0.02779534],
       [ 0.03550664],
       [-0.03148126],
       [ 0.02497162],
       [-0.0258095 ],
       [-0.03042078],
       [ 0.03524266],
       [-0.02918399],
       [ 0.03674453],
       [ 0.0326359 ],
       [ 0.0348273 ],
       [-0.03464121],
       [ 0.02198537],
       [ 0.03283602],
       [-0.02881316],
       [-0.03429663],
       [-0.00893779],
       [-0.0238318 ],
       [ 0.02168122],
       [-0.02772619],
       [ 0.03364626],
       [ 0.02692131],
       [ 0.03366396],
       [ 0.02895517],
       [ 0.03195135],
       [-0.02397515],
       [ 0.02975508],
       [ 0.03193746]])>"
.q_sqrt,"<Parameter: name=fill_triangular, dtype=float64, shape=[1, 40, 40], fn=""fill_triangular"", numpy=
array([[[ 9.61120497e-01,  0.00000000e+00,  0.00000000e+00, ...,
          0.00000000e+00,  0.00000000e+00,  0.00000000e+00],
        [-3.83330263e-02,  9.61707373e-01,  0.00000000e+00, ...,
          0.00000000e+00,  0.00000000e+00,  0.00000000e+00],
        [-3.82281518e-02, -3.80856145e-02,  9.61977173e-01, ...,
          0.00000000e+00,  0.00000000e+00,  0.00000000e+00],
        ...,
        [-3.07279020e-02, -3.09971872e-02, -3.13540370e-02, ...,
          9.68258191e-01,  0.00000000e+00,  0.00000000e+00],
        [-2.97065193e-02, -2.84824340e-02, -2.73304135e-02, ...,
         -1.04436443e-02,  9.67495692e-01,  0.00000000e+00],
        [-2.97871460e-02, -5.21613841e-04, -2.45127631e-03, ...,
          1.45699441e-04,  8.04566633e-05,  9.95814225e-01]]])>","<Parameter: name=fill_triangular, dtype=float64, shape=[1, 39, 39], fn=""fill_triangular"", numpy=
array([[[ 9.62437242e-01,  0.00000000e+00,  0.00000000e+00, ...,
          0.00000000e+00,  0.00000000e+00,  0.00000000e+00],
        [-3.78956550e-02,  9.63506159e-01,  0.00000000e+00, ...,
          0.00000000e+00,  0.00000000e+00,  0.00000000e+00],
        [-3.80155112e-02, -3.73600051e-02,  9.64508189e-01, ...,
          0.00000000e+00,  0.00000000e+00,  0.00000000e+00],
        ...,
        [-1.40453122e-02, -1.72736882e-02, -5.56086638e-03, ...,
          9.99222204e-01,  0.00000000e+00,  0.00000000e+00],
        [-3.12261021e-02, -2.99184532e-02, -3.03073154e-02, ...,
         -1.37967721e-03,  9.67306025e-01,  0.00000000e+00],
        [-2.81275396e-02, -2.90326315e-02, -2.52801273e-02, ...,
         -9.51760068e-04, -1.51019400e-03,  9.69811527e-01]]])>","<Parameter: name=fill_triangular, dtype=float64, shape=[1, 34, 34], fn=""fill_triangular"", numpy=
array([[[ 0.96158893,  0.        ,  0.        , ...,  0.        ,
          0.        ,  0.        ],
        [-0.03780534,  0.96245814,  0.        , ...,  0.        ,
          0.        ,  0.        ],
        [-0.03785467, -0.03816045,  0.96260308, ...,  0.        ,
          0.        ,  0.        ],
        ...,
        [-0.02968048, -0.03185496, -0.02986019, ...,  0.96834188,
          0.        ,  0.        ],
        [-0.03069905, -0.02116695, -0.02134469, ...,  0.01635535,
          0.96729201,  0.        ],
        [-0.02992399, -0.03212069, -0.02975947, ..., -0.03052998,
          0.00660979,  0.9671925 ]]])>","<Parameter: name=fill_triangular, dtype=float64, shape=[1, 43, 43], fn=""fill_triangular"", numpy=
array([[[ 9.61408645e-01,  0.00000000e+00,  0.00000000e+00, ...,
          0.00000000e+00,  0.00000000e+00,  0.00000000e+00],
        [-3.81789951e-02,  9.62052888e-01,  0.00000000e+00, ...,
          0.00000000e+00,  0.00000000e+00,  0.00000000e+00],
        [-3.84065172e-02, -3.80841882e-02,  9.62927150e-01, ...,
          0.00000000e+00,  0.00000000e+00,  0.00000000e+00],
        ...,
        [-2.74408478e-02, -2.66491283e-02,  2.43480794e-02, ...,
          9.70230564e-01,  0.00000000e+00,  0.00000000e+00],
        [-2.47728090e-02, -2.64427152e-02,  2.16648814e-02, ...,
         -6.54866444e-04,  9.70060188e-01,  0.00000000e+00],
        [-2.75799677e-02, -2.82820694e-02,  1.16644940e-02, ...,
          7.37162822e-05,  1.08581022e-02,  9.79380279e-01]]])>","<Parameter: name=fill_triangular, dtype=float64, shape=[1, 44, 44], fn=""fill_triangular"", numpy=
array([[[ 0.96280685,  0.        ,  0.        , ...,  0.        ,
          0.        ,  0.        ],
        [-0.03725107,  0.96216023,  0.        , ...,  0.        ,
          0.        ,  0.        ],
        [-0.03636278, -0.03791677,  0.96179822, ...,  0.        ,
          0.        ,  0.        ],
        ...,
        [-0.00490806, -0.01389102, -0.02741448, ...,  0.99897512,
          0.        ,  0.        ],
        [-0.02933018, -0.02773243, -0.02665716, ...,  0.00200772,
          0.97019815,  0.        ],
        [-0.02979991, -0.03027148, -0.02934729, ..., -0.00197484,
         -0.00183884,  0.96790272]]])>"
