,4.6.4_rbf_matern32_sin_lin_sin_lfbgs_0_0,4.6.4_rbf_matern32_sin_lin_sin_lfbgs_1_0,4.6.4_rbf_matern32_sin_lin_sin_lfbgs_2_0,4.6.4_rbf_matern32_sin_lin_sin_lfbgs_3_0,4.6.4_rbf_matern32_sin_lin_sin_lfbgs_4_0
.kernel.kernels[0].variance,"<Parameter: name=softplus, dtype=float64, shape=[], fn=""softplus"", numpy=0.8678218183981266>","<Parameter: name=softplus, dtype=float64, shape=[], fn=""softplus"", numpy=0.8676233472536995>","<Parameter: name=softplus, dtype=float64, shape=[], fn=""softplus"", numpy=0.8687638078803888>","<Parameter: name=softplus, dtype=float64, shape=[], fn=""softplus"", numpy=0.866618167748276>","<Parameter: name=softplus, dtype=float64, shape=[], fn=""softplus"", numpy=0.8614148965392617>"
.kernel.kernels[0].lengthscales,"<Parameter: name=softplus, dtype=float64, shape=[9], fn=""softplus"", numpy=
array([1.00629933, 1.21540513, 1.23601293, 1.16436426, 1.22610759,
       1.22496692, 1.22912716, 1.2086501 , 1.21507699])>","<Parameter: name=softplus, dtype=float64, shape=[9], fn=""softplus"", numpy=
array([1.0638566 , 1.18730603, 1.1580257 , 1.20039456, 1.22858661,
       1.22673863, 1.22192084, 1.22156905, 1.22094889])>","<Parameter: name=softplus, dtype=float64, shape=[9], fn=""softplus"", numpy=
array([1.02528932, 1.16630088, 1.22402659, 1.23128466, 1.23145835,
       1.21937107, 1.23368772, 1.22824158, 1.20169125])>","<Parameter: name=softplus, dtype=float64, shape=[9], fn=""softplus"", numpy=
array([1.02872254, 1.11741751, 1.24467487, 1.24219245, 1.21774702,
       1.23530288, 1.23105827, 1.23716589, 1.20691569])>","<Parameter: name=softplus, dtype=float64, shape=[9], fn=""softplus"", numpy=
array([1.04461027, 1.2179137 , 1.17408621, 1.20465145, 1.251445  ,
       1.24329351, 1.24348642, 1.22740533, 1.21277595])>"
.kernel.kernels[1].variance,"<Parameter: name=softplus, dtype=float64, shape=[], fn=""softplus"", numpy=0.8663971341104799>","<Parameter: name=softplus, dtype=float64, shape=[], fn=""softplus"", numpy=0.8653480651930304>","<Parameter: name=softplus, dtype=float64, shape=[], fn=""softplus"", numpy=0.8669018415907829>","<Parameter: name=softplus, dtype=float64, shape=[], fn=""softplus"", numpy=0.8653545401896446>","<Parameter: name=softplus, dtype=float64, shape=[], fn=""softplus"", numpy=0.8591089375361395>"
.kernel.kernels[1].lengthscales,"<Parameter: name=softplus, dtype=float64, shape=[9], fn=""softplus"", numpy=
array([0.8612507 , 1.18498714, 1.19348556, 1.10465464, 1.22620613,
       1.22559522, 1.22952947, 1.20857549, 1.21546928])>","<Parameter: name=softplus, dtype=float64, shape=[9], fn=""softplus"", numpy=
array([0.89217442, 1.13897866, 1.12223785, 1.17099407, 1.22895715,
       1.22731058, 1.22406124, 1.22558286, 1.22426099])>","<Parameter: name=softplus, dtype=float64, shape=[9], fn=""softplus"", numpy=
array([0.86130701, 1.07199378, 1.12710876, 1.17266739, 1.23255548,
       1.22032878, 1.23407317, 1.22991783, 1.20096254])>","<Parameter: name=softplus, dtype=float64, shape=[9], fn=""softplus"", numpy=
array([0.87134367, 0.99242155, 1.19004994, 1.17329846, 1.21833978,
       1.23492587, 1.23239032, 1.23784781, 1.20869363])>","<Parameter: name=softplus, dtype=float64, shape=[9], fn=""softplus"", numpy=
array([0.83866237, 1.20766267, 1.12373141, 1.17171349, 1.25455968,
       1.24630847, 1.24528669, 1.23049647, 1.21875522])>"
.kernel.kernels[2].kernels[0].variance,"<Parameter: name=softplus, dtype=float64, shape=[], fn=""softplus"", numpy=0.8880742930957443>","<Parameter: name=softplus, dtype=float64, shape=[], fn=""softplus"", numpy=0.891171949791847>","<Parameter: name=softplus, dtype=float64, shape=[], fn=""softplus"", numpy=0.8859923690130037>","<Parameter: name=softplus, dtype=float64, shape=[], fn=""softplus"", numpy=0.8842404012069761>","<Parameter: name=softplus, dtype=float64, shape=[], fn=""softplus"", numpy=0.870929235818029>"
.kernel.kernels[2].kernels[1].variance,"<Parameter: name=softplus, dtype=float64, shape=[], fn=""softplus"", numpy=1.0>","<Parameter: name=softplus, dtype=float64, shape=[], fn=""softplus"", numpy=1.0>","<Parameter: name=softplus, dtype=float64, shape=[], fn=""softplus"", numpy=1.0>","<Parameter: name=softplus, dtype=float64, shape=[], fn=""softplus"", numpy=1.0>","<Parameter: name=softplus, dtype=float64, shape=[], fn=""softplus"", numpy=1.0>"
.kernel.kernels[2].kernels[1].lengthscales,"<Parameter: name=identity, dtype=float64, shape=[1], fn=""identity"", numpy=array([365.])>","<Parameter: name=identity, dtype=float64, shape=[1], fn=""identity"", numpy=array([365.])>","<Parameter: name=identity, dtype=float64, shape=[1], fn=""identity"", numpy=array([365.])>","<Parameter: name=identity, dtype=float64, shape=[1], fn=""identity"", numpy=array([365.])>","<Parameter: name=identity, dtype=float64, shape=[1], fn=""identity"", numpy=array([365.])>"
.kernel.kernels[3].kernels[0].variance,"<Parameter: name=softplus, dtype=float64, shape=[], fn=""softplus"", numpy=0.8816150519968676>","<Parameter: name=softplus, dtype=float64, shape=[], fn=""softplus"", numpy=0.8849255965871955>","<Parameter: name=softplus, dtype=float64, shape=[], fn=""softplus"", numpy=0.8850200865178307>","<Parameter: name=softplus, dtype=float64, shape=[], fn=""softplus"", numpy=0.8856142624930523>","<Parameter: name=softplus, dtype=float64, shape=[], fn=""softplus"", numpy=0.8716112106212065>"
.kernel.kernels[3].kernels[1].variance,"<Parameter: name=softplus, dtype=float64, shape=[], fn=""softplus"", numpy=1.0>","<Parameter: name=softplus, dtype=float64, shape=[], fn=""softplus"", numpy=1.0>","<Parameter: name=softplus, dtype=float64, shape=[], fn=""softplus"", numpy=1.0>","<Parameter: name=softplus, dtype=float64, shape=[], fn=""softplus"", numpy=1.0>","<Parameter: name=softplus, dtype=float64, shape=[], fn=""softplus"", numpy=1.0>"
.kernel.kernels[3].kernels[1].lengthscales,"<Parameter: name=identity, dtype=float64, shape=[1], fn=""identity"", numpy=array([365.])>","<Parameter: name=identity, dtype=float64, shape=[1], fn=""identity"", numpy=array([365.])>","<Parameter: name=identity, dtype=float64, shape=[1], fn=""identity"", numpy=array([365.])>","<Parameter: name=identity, dtype=float64, shape=[1], fn=""identity"", numpy=array([365.])>","<Parameter: name=identity, dtype=float64, shape=[1], fn=""identity"", numpy=array([365.])>"
.kernel.kernels[4].kernels[0].variance,"<Parameter: name=softplus, dtype=float64, shape=[], fn=""softplus"", numpy=0.8734510850186915>","<Parameter: name=softplus, dtype=float64, shape=[], fn=""softplus"", numpy=0.8823192733891303>","<Parameter: name=softplus, dtype=float64, shape=[], fn=""softplus"", numpy=0.8841660565584254>","<Parameter: name=softplus, dtype=float64, shape=[], fn=""softplus"", numpy=0.8836398381256664>","<Parameter: name=softplus, dtype=float64, shape=[], fn=""softplus"", numpy=0.8809282598456285>"
.kernel.kernels[4].kernels[1].variance,"<Parameter: name=softplus, dtype=float64, shape=[], fn=""softplus"", numpy=1.0>","<Parameter: name=softplus, dtype=float64, shape=[], fn=""softplus"", numpy=1.0>","<Parameter: name=softplus, dtype=float64, shape=[], fn=""softplus"", numpy=1.0>","<Parameter: name=softplus, dtype=float64, shape=[], fn=""softplus"", numpy=1.0>","<Parameter: name=softplus, dtype=float64, shape=[], fn=""softplus"", numpy=1.0>"
.kernel.kernels[4].kernels[1].lengthscales,"<Parameter: name=identity, dtype=float64, shape=[1], fn=""identity"", numpy=array([365.])>","<Parameter: name=identity, dtype=float64, shape=[1], fn=""identity"", numpy=array([365.])>","<Parameter: name=identity, dtype=float64, shape=[1], fn=""identity"", numpy=array([365.])>","<Parameter: name=identity, dtype=float64, shape=[1], fn=""identity"", numpy=array([365.])>","<Parameter: name=identity, dtype=float64, shape=[1], fn=""identity"", numpy=array([365.])>"
.kernel.kernels[5].kernels[0].variance,"<Parameter: name=softplus, dtype=float64, shape=[], fn=""softplus"", numpy=0.8907573003550565>","<Parameter: name=softplus, dtype=float64, shape=[], fn=""softplus"", numpy=0.884309883120269>","<Parameter: name=softplus, dtype=float64, shape=[], fn=""softplus"", numpy=0.8854739138923229>","<Parameter: name=softplus, dtype=float64, shape=[], fn=""softplus"", numpy=0.8854931416163206>","<Parameter: name=softplus, dtype=float64, shape=[], fn=""softplus"", numpy=0.8905226482289107>"
.kernel.kernels[5].kernels[1].variance,"<Parameter: name=softplus, dtype=float64, shape=[], fn=""softplus"", numpy=1.0>","<Parameter: name=softplus, dtype=float64, shape=[], fn=""softplus"", numpy=1.0>","<Parameter: name=softplus, dtype=float64, shape=[], fn=""softplus"", numpy=1.0>","<Parameter: name=softplus, dtype=float64, shape=[], fn=""softplus"", numpy=1.0>","<Parameter: name=softplus, dtype=float64, shape=[], fn=""softplus"", numpy=1.0>"
.kernel.kernels[5].kernels[1].lengthscales,"<Parameter: name=identity, dtype=float64, shape=[1], fn=""identity"", numpy=array([365.])>","<Parameter: name=identity, dtype=float64, shape=[1], fn=""identity"", numpy=array([365.])>","<Parameter: name=identity, dtype=float64, shape=[1], fn=""identity"", numpy=array([365.])>","<Parameter: name=identity, dtype=float64, shape=[1], fn=""identity"", numpy=array([365.])>","<Parameter: name=identity, dtype=float64, shape=[1], fn=""identity"", numpy=array([365.])>"
.kernel.kernels[6].kernels[0].variance,"<Parameter: name=softplus, dtype=float64, shape=[], fn=""softplus"", numpy=0.8754139261366815>","<Parameter: name=softplus, dtype=float64, shape=[], fn=""softplus"", numpy=0.8684789986961622>","<Parameter: name=softplus, dtype=float64, shape=[], fn=""softplus"", numpy=0.8717325059099892>","<Parameter: name=softplus, dtype=float64, shape=[], fn=""softplus"", numpy=0.8799898411703839>","<Parameter: name=softplus, dtype=float64, shape=[], fn=""softplus"", numpy=0.8671255571513271>"
.kernel.kernels[6].kernels[1].variance,"<Parameter: name=softplus, dtype=float64, shape=[], fn=""softplus"", numpy=1.0>","<Parameter: name=softplus, dtype=float64, shape=[], fn=""softplus"", numpy=1.0>","<Parameter: name=softplus, dtype=float64, shape=[], fn=""softplus"", numpy=1.0>","<Parameter: name=softplus, dtype=float64, shape=[], fn=""softplus"", numpy=1.0>","<Parameter: name=softplus, dtype=float64, shape=[], fn=""softplus"", numpy=1.0>"
.kernel.kernels[6].kernels[1].lengthscales,"<Parameter: name=identity, dtype=float64, shape=[1], fn=""identity"", numpy=array([365.])>","<Parameter: name=identity, dtype=float64, shape=[1], fn=""identity"", numpy=array([365.])>","<Parameter: name=identity, dtype=float64, shape=[1], fn=""identity"", numpy=array([365.])>","<Parameter: name=identity, dtype=float64, shape=[1], fn=""identity"", numpy=array([365.])>","<Parameter: name=identity, dtype=float64, shape=[1], fn=""identity"", numpy=array([365.])>"
.kernel.kernels[7].variance,"<Parameter: name=softplus, dtype=float64, shape=[], fn=""softplus"", numpy=0.9145726228939932>","<Parameter: name=softplus, dtype=float64, shape=[], fn=""softplus"", numpy=0.9159776952989079>","<Parameter: name=softplus, dtype=float64, shape=[], fn=""softplus"", numpy=0.9165781897660553>","<Parameter: name=softplus, dtype=float64, shape=[], fn=""softplus"", numpy=0.9109128521326821>","<Parameter: name=softplus, dtype=float64, shape=[], fn=""softplus"", numpy=0.9090800975050092>"
.kernel.kernels[7].lengthscales,"<Parameter: name=identity, dtype=float64, shape=[1], fn=""identity"", numpy=array([1440.])>","<Parameter: name=identity, dtype=float64, shape=[1], fn=""identity"", numpy=array([1440.])>","<Parameter: name=identity, dtype=float64, shape=[1], fn=""identity"", numpy=array([1440.])>","<Parameter: name=identity, dtype=float64, shape=[1], fn=""identity"", numpy=array([1440.])>","<Parameter: name=identity, dtype=float64, shape=[1], fn=""identity"", numpy=array([1440.])>"
.likelihood.variance,"<Parameter: name=chain_of_shift_of_softplus, dtype=float64, shape=[], fn=""chain_of_shift_of_softplus"", numpy=1.1127678894869824>","<Parameter: name=chain_of_shift_of_softplus, dtype=float64, shape=[], fn=""chain_of_shift_of_softplus"", numpy=1.1123977830985468>","<Parameter: name=chain_of_shift_of_softplus, dtype=float64, shape=[], fn=""chain_of_shift_of_softplus"", numpy=1.1088444724818074>","<Parameter: name=chain_of_shift_of_softplus, dtype=float64, shape=[], fn=""chain_of_shift_of_softplus"", numpy=1.1137294382575704>","<Parameter: name=chain_of_shift_of_softplus, dtype=float64, shape=[], fn=""chain_of_shift_of_softplus"", numpy=1.1145271373960348>"
.inducing_variable.Z,"<Parameter: name=identity, dtype=float64, shape=[393, 11], fn=""identity"", numpy=
array([[ 1.63500262e+00,  9.99000000e+02,  9.86135272e-02, ...,
         1.00000000e+00,  0.00000000e+00,  0.00000000e+00],
       [ 9.55955173e-01,  6.11000000e+02,  5.44365627e-01, ...,
         0.00000000e+00,  0.00000000e+00,  0.00000000e+00],
       [ 8.08336162e-01,  6.06000000e+02, -8.62946121e-01, ...,
         0.00000000e+00,  0.00000000e+00,  0.00000000e+00],
       ...,
       [-7.73779040e-02,  5.76000000e+02,  8.21871312e-02, ...,
         0.00000000e+00,  0.00000000e+00,  0.00000000e+00],
       [-1.55356801e+00,  5.26000000e+02,  1.16592288e+00, ...,
         0.00000000e+00,  0.00000000e+00,  0.00000000e+00],
       [ 1.48738361e+00,  6.29000000e+02, -7.25088119e-01, ...,
         0.00000000e+00,  0.00000000e+00,  0.00000000e+00]])>","<Parameter: name=identity, dtype=float64, shape=[400, 11], fn=""identity"", numpy=
array([[ 1.40865869e+00,  1.35800000e+03,  5.46051190e-01, ...,
         0.00000000e+00,  1.00000000e+00,  0.00000000e+00],
       [-1.70421483e-01,  1.67000000e+03,  4.18875070e-01, ...,
         0.00000000e+00,  0.00000000e+00,  1.00000000e+00],
       [ 9.02161276e-01,  6.11000000e+02,  3.43054986e-01, ...,
         0.00000000e+00,  0.00000000e+00,  0.00000000e+00],
       ...,
       [-1.45156200e+00,  8.97000000e+02, -6.63682140e-01, ...,
         1.00000000e+00,  0.00000000e+00,  0.00000000e+00],
       [-1.70421483e-01,  5.75000000e+02,  5.46051190e-01, ...,
         0.00000000e+00,  0.00000000e+00,  0.00000000e+00],
       [-1.06424045e+00,  1.80000000e+02, -1.58514374e-01, ...,
         0.00000000e+00,  0.00000000e+00,  0.00000000e+00]])>","<Parameter: name=identity, dtype=float64, shape=[393, 11], fn=""identity"", numpy=
array([[ 7.14306145e-01,  1.33500000e+03,  5.93906528e-01, ...,
         0.00000000e+00,  1.00000000e+00,  0.00000000e+00],
       [ 1.07025160e+00,  1.34700000e+03,  5.93906528e-01, ...,
         0.00000000e+00,  1.00000000e+00,  0.00000000e+00],
       [-1.42136658e+00,  1.26300000e+03, -8.39242297e-02, ...,
         0.00000000e+00,  1.00000000e+00,  0.00000000e+00],
       ...,
       [ 8.32954630e-01,  6.09000000e+02,  1.88916582e+00, ...,
         0.00000000e+00,  0.00000000e+00,  0.00000000e+00],
       [-1.15440749e+00,  5.42000000e+02, -8.86181636e-01, ...,
         0.00000000e+00,  0.00000000e+00,  0.00000000e+00],
       [-2.05219612e-01,  9.39000000e+02, -8.86181636e-01, ...,
         1.00000000e+00,  0.00000000e+00,  0.00000000e+00]])>","<Parameter: name=identity, dtype=float64, shape=[391, 11], fn=""identity"", numpy=
array([[-4.14812129e-01,  9.32000000e+02,  5.89830444e-01, ...,
         1.00000000e+00,  0.00000000e+00,  0.00000000e+00],
       [-7.19111459e-01,  1.28700000e+03,  6.50973945e-01, ...,
         0.00000000e+00,  1.00000000e+00,  0.00000000e+00],
       [-1.51028972e+00,  1.66000000e+02, -8.30057519e-01, ...,
         0.00000000e+00,  0.00000000e+00,  0.00000000e+00],
       ...,
       [-8.71261124e-01,  1.87000000e+02,  7.68769440e-01, ...,
         0.00000000e+00,  0.00000000e+00,  0.00000000e+00],
       [ 1.65442331e+00,  1.00000000e+03,  5.61197910e-01, ...,
         1.00000000e+00,  0.00000000e+00,  0.00000000e+00],
       [-3.53952264e-01,  5.69000000e+02, -5.18011617e+00, ...,
         0.00000000e+00,  0.00000000e+00,  0.00000000e+00]])>","<Parameter: name=identity, dtype=float64, shape=[423, 11], fn=""identity"", numpy=
array([[-8.52476259e-01,  1.87000000e+02, -1.24315268e-01, ...,
         0.00000000e+00,  0.00000000e+00,  0.00000000e+00],
       [-1.18165236e+00,  5.41000000e+02,  7.82239685e-02, ...,
         0.00000000e+00,  0.00000000e+00,  0.00000000e+00],
       [-2.24049155e-01,  2.08000000e+02,  5.98463405e-01, ...,
         0.00000000e+00,  0.00000000e+00,  0.00000000e+00],
       ...,
       [-1.51082846e+00,  8.95000000e+02, -9.74622950e-01, ...,
         1.00000000e+00,  0.00000000e+00,  0.00000000e+00],
       [-6.43000557e-01,  5.59000000e+02, -9.74622950e-01, ...,
         0.00000000e+00,  0.00000000e+00,  0.00000000e+00],
       [ 1.15250546e+00,  1.34900000e+03, -1.24315268e-01, ...,
         0.00000000e+00,  1.00000000e+00,  0.00000000e+00]])>"
.q_mu,"<Parameter: name=identity, dtype=float64, shape=[393, 1], fn=""identity"", numpy=
array([[ 0.01958187],
       [ 0.01508719],
       [-0.10810653],
       [-0.12308751],
       [ 0.20020453],
       [ 0.15333309],
       [-0.11899628],
       [-0.00651715],
       [ 0.13477103],
       [-0.08172845],
       [ 0.21118772],
       [ 0.02828258],
       [-0.08026202],
       [-0.17812173],
       [ 0.20725808],
       [-0.1634705 ],
       [ 0.05172133],
       [-0.08668238],
       [ 0.18474737],
       [ 0.19776477],
       [-0.18659422],
       [-0.12757384],
       [-0.06213353],
       [ 0.03455678],
       [-0.06107508],
       [ 0.10030036],
       [-0.19120173],
       [ 0.21652216],
       [ 0.10714606],
       [ 0.02703566],
       [-0.10316613],
       [ 0.15287344],
       [ 0.24493077],
       [ 0.03915334],
       [ 0.19438265],
       [ 0.20524155],
       [-0.15323997],
       [ 0.16046071],
       [ 0.00866825],
       [ 0.19899797],
       [-0.09840593],
       [ 0.19950838],
       [ 0.08935717],
       [-0.05210249],
       [-0.17853874],
       [ 0.13110228],
       [-0.18969798],
       [-0.08070436],
       [ 0.18775491],
       [-0.01017392],
       [ 0.08516192],
       [ 0.06822148],
       [-0.17944082],
       [ 0.18739752],
       [-0.00436225],
       [ 0.08699822],
       [-0.08470095],
       [ 0.16033854],
       [ 0.14633263],
       [ 0.01835331],
       [ 0.04139462],
       [ 0.04211591],
       [-0.09812274],
       [-0.0850931 ],
       [-0.1897666 ],
       [-0.09244702],
       [-0.11132396],
       [ 0.12057592],
       [-0.09095684],
       [-0.0401417 ],
       [-0.08017331],
       [-0.05450373],
       [-0.13921548],
       [ 0.16313396],
       [ 0.0705955 ],
       [-0.04998201],
       [-0.06399917],
       [ 0.16019079],
       [-0.0980721 ],
       [-0.02865699],
       [ 0.07623736],
       [ 0.09302419],
       [-0.10842275],
       [ 0.12970274],
       [ 0.00161915],
       [ 0.07421039],
       [-0.14393249],
       [-0.18129516],
       [-0.14119099],
       [-0.13363057],
       [-0.12350664],
       [ 0.11116797],
       [ 0.01991357],
       [ 0.14982656],
       [ 0.10689267],
       [-0.03832828],
       [ 0.0914927 ],
       [ 0.10834309],
       [-0.07238226],
       [-0.11357777],
       [ 0.10463045],
       [-0.08412454],
       [-0.07231209],
       [-0.11989297],
       [ 0.10712632],
       [ 0.034089  ],
       [ 0.13881926],
       [ 0.0258904 ],
       [-0.02468931],
       [ 0.09787863],
       [ 0.12462828],
       [ 0.07846374],
       [-0.01612157],
       [-0.01230701],
       [-0.02691673],
       [-0.1287616 ],
       [-0.03502008],
       [-0.10854094],
       [-0.01258688],
       [-0.01198475],
       [ 0.07720267],
       [ 0.09410895],
       [-0.07063932],
       [-0.06473127],
       [ 0.01948694],
       [ 0.0990779 ],
       [-0.11649876],
       [ 0.05877672],
       [-0.05534324],
       [-0.12330636],
       [ 0.041606  ],
       [-0.04604721],
       [ 0.0790017 ],
       [-0.04718721],
       [-0.10283682],
       [ 0.09004729],
       [ 0.0991279 ],
       [ 0.02588748],
       [ 0.1092303 ],
       [-0.12516547],
       [-0.0633153 ],
       [-0.13687849],
       [ 0.06351932],
       [-0.04172353],
       [-0.01097078],
       [ 0.11027636],
       [ 0.07449061],
       [-0.1286264 ],
       [-0.06495803],
       [ 0.01712373],
       [ 0.00965446],
       [-0.13820897],
       [ 0.08968958],
       [ 0.11435526],
       [ 0.10693057],
       [-0.04662975],
       [ 0.02629324],
       [-0.05746948],
       [-0.0200756 ],
       [ 0.04407203],
       [-0.13830249],
       [ 0.0014928 ],
       [ 0.11257764],
       [ 0.11921084],
       [ 0.10021343],
       [ 0.04889892],
       [-0.10378275],
       [-0.12220591],
       [-0.11719083],
       [ 0.06049759],
       [ 0.06596096],
       [ 0.07689443],
       [-0.11926425],
       [-0.02195339],
       [-0.1150292 ],
       [-0.02260655],
       [-0.09792156],
       [-0.00692553],
       [ 0.11027902],
       [ 0.08687399],
       [-0.07377195],
       [-0.08198484],
       [-0.04739204],
       [ 0.10103475],
       [-0.13398539],
       [-0.03810205],
       [-0.06024497],
       [ 0.03125268],
       [-0.09042372],
       [ 0.02660463],
       [ 0.02765786],
       [-0.06593393],
       [-0.11962231],
       [-0.07745354],
       [-0.10046199],
       [ 0.08676699],
       [ 0.0992965 ],
       [-0.06831357],
       [ 0.02529835],
       [-0.06275153],
       [ 0.12718772],
       [-0.09503306],
       [ 0.08263421],
       [-0.01486276],
       [ 0.10267803],
       [-0.04710673],
       [ 0.06088152],
       [-0.12781445],
       [-0.10349235],
       [ 0.09428158],
       [ 0.04955764],
       [ 0.09317241],
       [ 0.0533289 ],
       [ 0.02874408],
       [ 0.05289827],
       [-0.10445382],
       [-0.04013376],
       [-0.05796886],
       [ 0.0194551 ],
       [-0.07837858],
       [-0.07943337],
       [-0.05541705],
       [ 0.08269084],
       [ 0.05587949],
       [ 0.09455496],
       [ 0.07046966],
       [-0.07901933],
       [ 0.05201709],
       [ 0.00426904],
       [-0.10869754],
       [-0.06551159],
       [-0.00569932],
       [-0.10278091],
       [-0.04984304],
       [-0.04291656],
       [ 0.02695979],
       [-0.06177765],
       [-0.0875359 ],
       [-0.04986206],
       [ 0.09066258],
       [-0.07161514],
       [ 0.07488218],
       [ 0.0851274 ],
       [ 0.05368497],
       [ 0.00846432],
       [-0.07406446],
       [ 0.10067175],
       [-0.09618362],
       [-0.04479992],
       [-0.03909276],
       [ 0.09296538],
       [ 0.0757599 ],
       [ 0.00430379],
       [-0.02676902],
       [ 0.04384992],
       [ 0.08437694],
       [ 0.00879441],
       [ 0.12531811],
       [ 0.08783923],
       [-0.06075698],
       [ 0.0546739 ],
       [-0.07009094],
       [ 0.07070318],
       [ 0.09608357],
       [-0.04849041],
       [ 0.06048614],
       [ 0.0257939 ],
       [-0.07857819],
       [ 0.12148477],
       [-0.08088751],
       [-0.04720336],
       [ 0.01460367],
       [ 0.01167991],
       [ 0.01976916],
       [-0.08368522],
       [ 0.0232106 ],
       [-0.02495282],
       [-0.07222468],
       [-0.12475391],
       [ 0.05760818],
       [ 0.00149127],
       [-0.07937049],
       [ 0.06711351],
       [ 0.01550708],
       [-0.08150184],
       [-0.10358508],
       [-0.0801907 ],
       [ 0.08242543],
       [ 0.0368978 ],
       [ 0.01948671],
       [-0.07804456],
       [-0.09194572],
       [ 0.0711513 ],
       [-0.07313085],
       [-0.03855799],
       [ 0.06339121],
       [-0.0195004 ],
       [ 0.00163087],
       [ 0.01379296],
       [ 0.00190074],
       [ 0.01225541],
       [-0.02763927],
       [ 0.04582982],
       [-0.00293998],
       [-0.06432556],
       [ 0.04501995],
       [ 0.07039274],
       [ 0.01112046],
       [-0.08487051],
       [ 0.0346937 ],
       [ 0.03043668],
       [-0.00596157],
       [ 0.0013492 ],
       [ 0.0002851 ],
       [ 0.0068489 ],
       [-0.08746922],
       [-0.0921803 ],
       [ 0.07540491],
       [ 0.02484329],
       [-0.08735801],
       [ 0.02376022],
       [ 0.03887368],
       [ 0.08403048],
       [-0.04752112],
       [ 0.11836204],
       [-0.09656901],
       [ 0.02715776],
       [ 0.02360484],
       [ 0.04989137],
       [ 0.03470971],
       [-0.01060291],
       [-0.04155218],
       [-0.00888458],
       [ 0.03416657],
       [-0.05673747],
       [-0.05915808],
       [ 0.05975078],
       [ 0.07678072],
       [-0.07121899],
       [-0.09272471],
       [-0.00228654],
       [-0.02447031],
       [ 0.03440392],
       [-0.02708334],
       [ 0.03298355],
       [-0.05418366],
       [ 0.04073092],
       [-0.06045194],
       [ 0.02617854],
       [-0.06231299],
       [-0.00489329],
       [ 0.07257114],
       [-0.04063262],
       [-0.0502716 ],
       [-0.00675451],
       [-0.03920047],
       [-0.07874916],
       [-0.00741714],
       [ 0.00591355],
       [-0.01151247],
       [-0.07199419],
       [-0.00452527],
       [-0.06376322],
       [ 0.01913757],
       [-0.0473026 ],
       [ 0.07403462],
       [ 0.04897332],
       [-0.05444711],
       [-0.03962679],
       [ 0.02974073],
       [ 0.05937453],
       [ 0.08180238],
       [ 0.01604777],
       [ 0.00063421],
       [ 0.02121566],
       [ 0.04931541],
       [-0.05937813],
       [ 0.05483193],
       [ 0.03702839],
       [ 0.06151697],
       [-0.06451467],
       [ 0.0656255 ],
       [-0.01305055],
       [ 0.06738708],
       [-0.07425225],
       [ 0.06646856],
       [ 0.0022809 ],
       [-0.00389264],
       [-0.07860768],
       [-0.03008906],
       [ 0.02416401],
       [-0.00937675],
       [-0.05729359]])>","<Parameter: name=identity, dtype=float64, shape=[400, 1], fn=""identity"", numpy=
array([[ 1.03820645e-01],
       [-4.06402876e-02],
       [-2.83766830e-02],
       [-1.52143425e-01],
       [ 2.64494317e-02],
       [ 5.33313140e-02],
       [-1.33822560e-01],
       [ 1.73770716e-01],
       [ 2.21983594e-01],
       [ 2.27201170e-01],
       [ 1.84142989e-01],
       [-1.30186431e-01],
       [-1.72556682e-01],
       [ 1.89430650e-01],
       [-1.75033245e-01],
       [ 1.81428653e-01],
       [-1.66183817e-01],
       [ 1.33829573e-01],
       [ 1.05636408e-01],
       [ 1.77958091e-01],
       [-1.82693432e-01],
       [ 3.58389727e-02],
       [ 7.71919236e-02],
       [ 1.97045151e-01],
       [ 1.50962513e-01],
       [ 1.75234551e-01],
       [-1.06821106e-01],
       [-1.89632267e-01],
       [-3.97097497e-02],
       [ 2.01429230e-01],
       [ 1.45213194e-01],
       [-1.94206248e-01],
       [ 1.81202427e-01],
       [-2.00257468e-02],
       [-1.65594617e-01],
       [ 6.48565316e-02],
       [ 1.09777143e-01],
       [ 5.26254447e-02],
       [-2.74243715e-02],
       [-1.37872387e-01],
       [ 4.87905621e-02],
       [ 5.96187959e-02],
       [-4.65966015e-02],
       [-5.23535097e-02],
       [ 3.49877988e-02],
       [ 1.60914777e-01],
       [ 1.45636380e-01],
       [ 1.42904147e-01],
       [-1.25815505e-01],
       [ 2.04892287e-01],
       [ 1.12559683e-01],
       [-1.57642840e-01],
       [-1.40123230e-01],
       [-1.83305651e-01],
       [ 1.19235025e-01],
       [ 8.69015883e-02],
       [-1.63622394e-01],
       [-1.76850134e-01],
       [-1.98276715e-02],
       [ 1.66772683e-02],
       [ 5.16094960e-02],
       [-1.25470572e-01],
       [ 8.37092454e-03],
       [-1.48598096e-01],
       [ 6.88550771e-02],
       [-1.66098063e-01],
       [-1.13962652e-01],
       [-9.57068114e-02],
       [-1.38430466e-01],
       [-6.68471789e-02],
       [ 3.31537925e-02],
       [ 1.86328256e-02],
       [-1.25341654e-01],
       [ 5.18080588e-02],
       [-1.71394777e-01],
       [-1.43017725e-01],
       [-3.44755627e-03],
       [ 1.16994494e-01],
       [-1.02165179e-01],
       [-8.69333698e-02],
       [-7.39738233e-02],
       [-1.22858016e-01],
       [ 1.42846085e-01],
       [-4.22557116e-02],
       [ 2.54265776e-03],
       [ 5.03068532e-02],
       [-1.59943833e-01],
       [-5.46994925e-02],
       [ 1.14285139e-01],
       [ 1.19934207e-01],
       [ 8.92344076e-02],
       [ 4.72906351e-02],
       [-1.02467242e-01],
       [ 1.52370658e-01],
       [ 2.08632287e-02],
       [ 1.34219265e-01],
       [-1.84295147e-02],
       [-1.94191300e-02],
       [ 1.53778511e-01],
       [ 9.79814720e-02],
       [-8.04626915e-02],
       [ 1.00646812e-01],
       [-9.74452570e-02],
       [ 7.68192556e-02],
       [-1.56440217e-01],
       [-1.03709845e-03],
       [-7.08204813e-02],
       [-9.05971055e-02],
       [-6.82491444e-02],
       [-1.14659357e-01],
       [-5.57429711e-02],
       [-1.01799416e-01],
       [-1.15139710e-01],
       [ 1.62087369e-02],
       [-1.28046836e-01],
       [-6.80071558e-02],
       [ 1.44790328e-01],
       [-3.68971548e-02],
       [-1.34276420e-01],
       [-1.07331279e-01],
       [-1.10644808e-02],
       [-6.00453654e-02],
       [ 1.29091027e-01],
       [ 7.32164193e-03],
       [ 1.08929543e-02],
       [-8.88595304e-02],
       [ 1.18094516e-01],
       [ 5.04928736e-02],
       [-1.13278435e-01],
       [-1.06174154e-01],
       [ 1.05375928e-01],
       [ 1.01096979e-01],
       [ 1.10986495e-01],
       [ 8.48856246e-02],
       [-8.36094307e-02],
       [ 1.14853178e-01],
       [-9.66379113e-02],
       [ 8.41582375e-02],
       [-7.91173169e-02],
       [ 5.46886851e-02],
       [-4.67346319e-02],
       [-2.02420249e-02],
       [ 3.49071709e-03],
       [-8.97880557e-02],
       [ 8.34519790e-02],
       [ 6.95520215e-02],
       [-1.14159819e-01],
       [-7.66118523e-02],
       [-9.77871173e-03],
       [ 9.51047347e-02],
       [ 1.19964480e-01],
       [-1.21754016e-01],
       [-1.12230943e-01],
       [ 1.07711838e-01],
       [-1.01831485e-01],
       [ 1.19982678e-01],
       [ 5.02315575e-02],
       [-3.81664264e-02],
       [-1.27873421e-01],
       [-9.72107932e-02],
       [ 9.54739989e-02],
       [-1.94594450e-02],
       [-7.01345973e-02],
       [ 9.12347730e-02],
       [ 8.02497757e-02],
       [ 6.75683275e-02],
       [-2.99370195e-02],
       [ 8.55254804e-02],
       [ 3.64587644e-02],
       [ 6.96982452e-02],
       [-1.20680678e-01],
       [ 1.19413741e-01],
       [ 6.37497035e-02],
       [-7.74333731e-02],
       [ 9.00189296e-02],
       [-1.26209834e-01],
       [-1.96789769e-02],
       [ 7.80921597e-02],
       [ 2.05369990e-04],
       [-6.18416922e-02],
       [-2.44153617e-02],
       [ 6.43625168e-02],
       [ 2.70799517e-02],
       [ 6.27622258e-02],
       [-6.91087313e-02],
       [ 6.51893887e-02],
       [ 8.23215884e-02],
       [ 9.11594732e-02],
       [-1.24456106e-01],
       [-6.62954681e-02],
       [ 4.92106958e-02],
       [ 3.78299925e-02],
       [-8.31530227e-02],
       [ 8.75931580e-02],
       [ 9.40197404e-02],
       [ 9.73786081e-02],
       [ 4.60641884e-02],
       [-1.67161005e-02],
       [ 9.25323823e-02],
       [ 6.72890034e-02],
       [-2.07287702e-02],
       [ 7.47508309e-02],
       [ 4.60628418e-02],
       [ 2.47512717e-02],
       [ 1.54096240e-03],
       [-3.48277148e-02],
       [-3.81817317e-02],
       [ 1.58723788e-02],
       [-4.44053615e-02],
       [ 3.50106149e-02],
       [ 1.28913266e-01],
       [-5.45032145e-02],
       [ 3.47614152e-02],
       [ 1.13743729e-01],
       [-8.45245713e-03],
       [ 2.10328383e-02],
       [-5.57736407e-02],
       [ 1.68459460e-02],
       [-8.60639147e-02],
       [ 2.49139054e-02],
       [-9.30353150e-02],
       [-9.30928895e-02],
       [-9.11937685e-02],
       [-9.16254810e-02],
       [ 6.19521595e-02],
       [ 1.07910002e-01],
       [-6.24244110e-02],
       [ 9.41306271e-02],
       [-6.96000128e-02],
       [ 1.29273179e-01],
       [ 1.14302863e-01],
       [-9.36053228e-02],
       [-4.35402651e-02],
       [ 9.24156692e-02],
       [ 6.51906681e-02],
       [-6.65262985e-02],
       [-2.94661673e-02],
       [ 1.02039143e-01],
       [-8.02249398e-02],
       [ 3.71143901e-02],
       [ 7.26931180e-02],
       [ 3.96471101e-02],
       [ 1.89516800e-02],
       [-7.00837523e-02],
       [-8.76451117e-02],
       [-8.18911864e-02],
       [ 7.96206620e-02],
       [-7.27363976e-02],
       [ 1.32779149e-02],
       [-2.47748327e-02],
       [ 8.33411913e-02],
       [-9.26417506e-02],
       [ 3.90985283e-03],
       [ 6.52044933e-02],
       [ 8.44907392e-02],
       [-2.64107635e-02],
       [ 9.70121523e-02],
       [-9.42989901e-02],
       [-1.38792915e-01],
       [-6.40716916e-02],
       [ 6.84910387e-03],
       [-1.41438517e-01],
       [ 5.33277442e-02],
       [-3.78265964e-02],
       [ 2.03416547e-02],
       [-3.06663632e-02],
       [ 7.01668656e-02],
       [-5.67924016e-02],
       [-6.08855187e-03],
       [-5.31805990e-02],
       [-3.76834479e-02],
       [-6.97359561e-02],
       [ 7.30150112e-02],
       [-8.45059292e-02],
       [ 2.28520742e-02],
       [ 7.65498357e-02],
       [-6.99178545e-02],
       [-6.83921437e-02],
       [ 4.85691627e-02],
       [ 5.83826266e-02],
       [-4.74754218e-02],
       [ 1.39054432e-02],
       [ 1.16357976e-01],
       [ 6.73222233e-02],
       [ 1.24456043e-02],
       [ 4.67446333e-02],
       [-6.63545505e-02],
       [ 5.96900005e-03],
       [ 1.07544777e-01],
       [ 4.59489157e-03],
       [-5.72768823e-02],
       [-1.89608020e-02],
       [-9.33848771e-02],
       [-1.06930536e-02],
       [-1.17043561e-01],
       [-7.92122193e-02],
       [ 9.13103949e-02],
       [ 7.53418317e-02],
       [ 1.10877393e-01],
       [ 6.72811064e-02],
       [ 4.57669996e-02],
       [-1.41186742e-02],
       [ 9.84673444e-02],
       [-7.48052606e-02],
       [-4.71963813e-03],
       [ 7.50132454e-02],
       [ 1.54767196e-03],
       [-3.20980928e-02],
       [ 7.21451555e-03],
       [ 7.20862031e-02],
       [-1.52777157e-02],
       [-4.43607422e-02],
       [ 1.93276075e-02],
       [-7.45246798e-02],
       [-7.66777091e-02],
       [-1.01516388e-01],
       [-2.23078519e-03],
       [ 7.53089640e-02],
       [-6.05946733e-02],
       [-8.62130611e-02],
       [-5.84468301e-02],
       [-6.59318200e-03],
       [ 2.18366207e-02],
       [ 6.24303422e-02],
       [ 3.37857406e-02],
       [-1.45186036e-01],
       [-1.02840826e-01],
       [ 6.28656920e-02],
       [ 5.46693502e-02],
       [ 7.99263439e-02],
       [ 1.05081334e-01],
       [ 5.29229055e-02],
       [ 1.26144709e-02],
       [-4.02372564e-02],
       [ 2.66142635e-02],
       [ 6.90464029e-02],
       [-1.49107057e-02],
       [-9.23594961e-02],
       [ 6.55960854e-02],
       [-6.93643791e-02],
       [ 1.88976682e-04],
       [ 1.58267256e-02],
       [ 6.21853357e-02],
       [-6.90505404e-02],
       [ 2.81034594e-02],
       [-1.47960345e-02],
       [ 1.45946683e-02],
       [-6.20576040e-02],
       [ 1.32154325e-02],
       [ 5.93846682e-02],
       [-5.62098299e-02],
       [ 5.50339922e-02],
       [-4.38481196e-02],
       [ 7.84406910e-02],
       [-5.51051614e-02],
       [ 5.37471868e-03],
       [-1.10817331e-02],
       [ 7.21322805e-02],
       [ 1.11656071e-02],
       [-9.18858444e-02],
       [-9.02085813e-02],
       [-5.36004265e-02],
       [-2.51129517e-02],
       [ 3.39626184e-02],
       [-6.98188548e-02],
       [ 6.57695187e-02],
       [ 1.36102739e-02],
       [-1.66531299e-02],
       [-6.44176487e-02],
       [-3.61532881e-02],
       [ 6.34542222e-02],
       [ 5.13378570e-02],
       [-4.94606468e-02],
       [ 2.64479825e-03],
       [ 7.86817875e-02],
       [ 6.48916176e-03],
       [-4.08263420e-02],
       [-4.90048829e-03],
       [-1.53975400e-02],
       [-6.27965469e-02],
       [-1.56759386e-02],
       [-2.81774178e-02],
       [ 8.63490618e-02],
       [-7.18230863e-02],
       [-6.90303753e-02],
       [ 5.59246571e-02],
       [ 4.24749775e-02],
       [ 1.06261368e-02],
       [ 6.32403372e-02],
       [ 4.88387272e-02],
       [-5.99888586e-02],
       [ 5.26149557e-02],
       [ 6.59079469e-02],
       [ 6.20892964e-02],
       [ 6.33924228e-02],
       [ 4.41300229e-02],
       [ 6.05260889e-03],
       [-5.85592392e-02],
       [ 3.74516810e-02],
       [ 1.11216235e-02]])>","<Parameter: name=identity, dtype=float64, shape=[393, 1], fn=""identity"", numpy=
array([[ 1.65303858e-01],
       [-1.40869102e-01],
       [-1.06248127e-02],
       [-1.83224771e-01],
       [-1.20438735e-01],
       [ 1.46490844e-01],
       [ 9.11995216e-02],
       [ 1.72314280e-01],
       [-2.10933439e-01],
       [-1.59066114e-01],
       [-1.29402985e-01],
       [ 3.69009426e-02],
       [ 1.31600222e-01],
       [-1.81301563e-01],
       [-6.64427362e-02],
       [ 2.10299379e-01],
       [-1.93159958e-01],
       [-1.98358460e-01],
       [-1.45104715e-01],
       [ 3.11971042e-02],
       [ 4.42037711e-02],
       [ 1.89854201e-01],
       [-1.32510082e-01],
       [ 2.11170685e-01],
       [-4.31696581e-02],
       [ 1.32707369e-01],
       [-1.89909497e-01],
       [-1.76696990e-02],
       [-1.39687380e-01],
       [ 1.85512558e-01],
       [ 1.41023321e-01],
       [-7.18482529e-02],
       [-8.82933262e-02],
       [ 1.18611009e-01],
       [ 1.93242223e-01],
       [ 6.68020015e-02],
       [ 7.36502660e-02],
       [ 1.47093067e-01],
       [ 1.63425245e-01],
       [ 1.06131861e-02],
       [ 2.20080438e-01],
       [ 5.62244698e-02],
       [-1.99442076e-01],
       [-4.71799747e-02],
       [-1.36702524e-01],
       [ 2.61337586e-02],
       [-1.46444120e-01],
       [-1.10974098e-01],
       [ 1.42207973e-01],
       [-1.99534397e-01],
       [ 9.99595451e-02],
       [ 8.22498630e-02],
       [ 1.25489921e-01],
       [-1.67041332e-01],
       [ 1.37338583e-01],
       [-8.40513095e-02],
       [-1.47201655e-01],
       [ 1.71625277e-01],
       [-1.11160355e-01],
       [ 9.65880072e-02],
       [ 1.29170326e-01],
       [-5.25341755e-02],
       [-1.98460001e-02],
       [-4.17588755e-02],
       [ 1.69383920e-01],
       [-1.74374021e-01],
       [-1.32229960e-01],
       [ 5.02543528e-02],
       [-7.75246109e-02],
       [-2.32463286e-02],
       [ 1.81579184e-01],
       [-5.64733665e-02],
       [ 1.86717328e-01],
       [ 1.07479516e-01],
       [ 9.69884773e-02],
       [ 1.11635128e-01],
       [-4.84384706e-02],
       [ 4.51137294e-02],
       [ 1.34746245e-01],
       [ 1.94481297e-01],
       [-1.20412383e-01],
       [ 1.16944264e-01],
       [-1.57555854e-01],
       [ 1.12416517e-01],
       [ 1.04833985e-01],
       [ 5.84681964e-02],
       [ 2.25598763e-02],
       [ 7.48112060e-02],
       [-1.22961790e-01],
       [ 1.86748684e-01],
       [ 9.05935459e-02],
       [ 1.89814084e-01],
       [-1.44166149e-01],
       [ 6.00066045e-03],
       [-1.08008119e-01],
       [ 9.95628411e-02],
       [ 3.96622378e-02],
       [-5.07941257e-02],
       [-1.21019170e-01],
       [ 5.96781347e-02],
       [-1.68682810e-01],
       [-4.16025680e-02],
       [-1.46001115e-01],
       [ 4.37615210e-03],
       [-1.48515586e-01],
       [-7.11382921e-02],
       [-7.86390729e-02],
       [ 5.90253084e-02],
       [-1.18216730e-01],
       [ 4.16177098e-03],
       [-1.21644788e-01],
       [ 9.96780627e-02],
       [-1.52059476e-01],
       [ 6.27776125e-02],
       [-4.10106941e-02],
       [ 1.08290064e-01],
       [-5.10686703e-02],
       [ 1.01093124e-01],
       [-9.16700902e-03],
       [-6.40573872e-02],
       [ 1.14767955e-01],
       [-3.79363548e-02],
       [-1.75337910e-02],
       [-2.46805900e-02],
       [-8.71230906e-02],
       [-5.17480457e-02],
       [-9.98852191e-03],
       [ 1.27454558e-01],
       [ 4.50013104e-02],
       [ 5.32395994e-02],
       [-1.35175855e-01],
       [ 9.05295715e-02],
       [ 4.35764462e-02],
       [ 9.60886284e-02],
       [ 3.57676648e-02],
       [ 4.09524437e-02],
       [-8.68207166e-02],
       [ 1.42086572e-01],
       [-7.71040487e-02],
       [ 1.38906976e-01],
       [ 8.92944643e-02],
       [ 2.21361897e-02],
       [-9.96612542e-02],
       [-5.12121190e-02],
       [-1.11866626e-01],
       [ 6.51888159e-02],
       [ 2.84706561e-03],
       [ 1.45382922e-01],
       [-1.00150426e-01],
       [ 5.22104877e-02],
       [ 1.14303666e-01],
       [-4.35113398e-02],
       [ 7.29562777e-02],
       [ 5.71510866e-02],
       [-3.94834660e-02],
       [ 1.21524992e-01],
       [-1.35729673e-01],
       [-1.57641395e-02],
       [-1.10147049e-01],
       [ 1.30972789e-01],
       [-3.06688187e-02],
       [-9.88165952e-02],
       [ 4.10585177e-02],
       [-7.21625813e-02],
       [ 5.63043513e-02],
       [ 1.12238115e-01],
       [-7.89819967e-02],
       [ 4.76351847e-02],
       [-5.69125257e-02],
       [ 1.06285195e-01],
       [-9.43935822e-02],
       [ 9.60404272e-03],
       [ 1.34757584e-03],
       [-5.45866471e-02],
       [-4.45710726e-02],
       [-1.60922586e-01],
       [-2.01825356e-04],
       [ 6.33178628e-02],
       [-1.35625627e-01],
       [-7.89635145e-02],
       [-2.42356548e-02],
       [ 4.92320184e-02],
       [-7.49887729e-03],
       [ 8.94405089e-02],
       [-4.70471959e-02],
       [ 6.37583775e-02],
       [ 1.20793690e-01],
       [ 1.08650409e-01],
       [-8.20417042e-02],
       [-7.55728197e-02],
       [-5.23347153e-02],
       [ 8.64765783e-02],
       [-8.00098326e-02],
       [-7.03982990e-02],
       [-1.10896513e-01],
       [-6.94155748e-02],
       [ 9.52276636e-02],
       [-1.37393833e-01],
       [-5.16226107e-02],
       [-6.51428196e-02],
       [-1.05761424e-01],
       [ 7.21893217e-02],
       [-3.08932290e-02],
       [-9.42280672e-02],
       [ 8.03347724e-02],
       [-8.83075936e-02],
       [ 9.13302240e-03],
       [-1.10569819e-01],
       [ 1.45007407e-01],
       [ 7.76785809e-02],
       [ 8.46242721e-02],
       [ 1.38201095e-01],
       [-6.93977431e-02],
       [ 8.00463010e-02],
       [ 4.83769666e-02],
       [-6.60632566e-02],
       [-8.13925194e-02],
       [ 1.13054078e-01],
       [-7.85649629e-02],
       [ 4.93479984e-02],
       [-5.83188238e-02],
       [-1.00943443e-01],
       [-1.22975853e-01],
       [ 1.09106314e-01],
       [ 2.29468928e-03],
       [-3.18134751e-02],
       [ 1.02725037e-01],
       [-7.04175780e-02],
       [-1.06265791e-01],
       [ 5.83967587e-03],
       [ 3.15575321e-02],
       [-6.93265790e-02],
       [-1.44487098e-02],
       [ 6.04199463e-02],
       [-3.09337434e-03],
       [ 7.64160405e-02],
       [ 4.68825559e-02],
       [-7.71627975e-03],
       [ 3.87755491e-03],
       [ 1.19887897e-01],
       [-3.43520307e-02],
       [ 5.49765628e-02],
       [ 3.29963890e-02],
       [ 7.60985407e-02],
       [ 6.35373923e-02],
       [ 8.36235207e-03],
       [ 1.12457253e-01],
       [-1.04392380e-01],
       [-2.63245005e-03],
       [-9.25047104e-02],
       [-6.58715487e-03],
       [-2.10349681e-02],
       [ 1.15221265e-01],
       [ 3.06400645e-03],
       [-4.91963816e-02],
       [-3.26467328e-02],
       [ 1.27495734e-02],
       [ 2.04189766e-02],
       [-8.03265402e-02],
       [ 5.74081946e-02],
       [ 9.42709528e-02],
       [-9.34681249e-02],
       [-1.01667829e-02],
       [-7.04377861e-02],
       [ 4.70392305e-02],
       [ 7.94318104e-02],
       [ 8.92841248e-02],
       [ 6.28142798e-02],
       [-2.56843757e-02],
       [-8.97606140e-02],
       [-1.35218260e-01],
       [-6.50374957e-02],
       [ 5.45037987e-02],
       [-2.63521290e-02],
       [ 6.18405567e-02],
       [-1.38194416e-02],
       [-1.90410352e-02],
       [ 4.64092709e-03],
       [ 1.73083843e-03],
       [ 1.13383464e-01],
       [-2.10584948e-02],
       [-9.77555465e-02],
       [ 3.77103494e-02],
       [-1.00275310e-01],
       [ 4.71154645e-02],
       [ 6.06507418e-03],
       [-2.84835134e-02],
       [-3.96161993e-02],
       [-6.25628460e-02],
       [ 1.07753967e-01],
       [ 4.05680150e-02],
       [ 4.34137877e-02],
       [-7.93293491e-04],
       [-7.34426743e-02],
       [ 3.95218326e-02],
       [-8.56894762e-02],
       [ 6.18579290e-02],
       [-2.12561485e-03],
       [-2.91846606e-02],
       [ 9.05481950e-02],
       [ 2.13193263e-02],
       [ 4.28566324e-02],
       [ 7.93269464e-02],
       [-7.73966312e-02],
       [-4.60226892e-02],
       [-1.43050326e-02],
       [-6.35829751e-02],
       [-5.86563530e-02],
       [-7.97514460e-02],
       [ 4.24753925e-02],
       [ 8.81279413e-02],
       [ 3.86850520e-02],
       [-2.56869109e-02],
       [-4.01557600e-02],
       [-5.26195710e-02],
       [ 4.36062558e-02],
       [ 8.20880520e-02],
       [-6.48144611e-02],
       [ 2.32087264e-02],
       [-6.72899597e-02],
       [-6.47025936e-02],
       [-7.41208376e-02],
       [-8.97577271e-02],
       [ 6.21275807e-02],
       [-5.52154726e-02],
       [ 4.05934223e-02],
       [-1.58506410e-02],
       [-7.59239940e-03],
       [-3.99453746e-02],
       [ 1.55454125e-02],
       [ 6.57300637e-02],
       [ 4.49992050e-02],
       [ 3.45090874e-02],
       [ 6.42624419e-02],
       [-1.58560826e-02],
       [ 1.04409776e-01],
       [-8.33971087e-02],
       [ 8.17354933e-02],
       [ 9.16684184e-02],
       [-8.95519647e-03],
       [ 4.89215725e-02],
       [ 5.41624619e-02],
       [ 4.11495594e-02],
       [-6.54886300e-02],
       [-7.66234835e-02],
       [-4.03650608e-02],
       [-5.27283425e-02],
       [-1.22180929e-03],
       [ 7.19718045e-02],
       [ 9.84215143e-02],
       [ 6.44058419e-02],
       [ 1.55799427e-02],
       [ 4.94930478e-02],
       [ 3.09947159e-02],
       [-4.53742150e-02],
       [-8.08942892e-02],
       [-5.86704740e-03],
       [ 5.23970741e-02],
       [-2.16904714e-02],
       [-1.06543366e-02],
       [ 4.23676620e-02],
       [-1.56943438e-02],
       [-3.82171394e-02],
       [ 2.58967741e-02],
       [ 4.29537900e-02],
       [-5.68930541e-02],
       [ 5.20247602e-02],
       [ 4.18904684e-02],
       [ 8.52802095e-02],
       [ 1.85549675e-02],
       [ 1.34969744e-02],
       [-5.64976680e-03],
       [-6.92745037e-03],
       [ 6.35986508e-02],
       [ 3.98895066e-03],
       [-6.22360091e-02],
       [ 6.45940923e-02],
       [-6.09882410e-03],
       [-1.58637313e-03],
       [ 1.69492616e-02],
       [-7.94092580e-02],
       [ 4.86062295e-02],
       [-3.45146076e-02],
       [ 2.34302729e-02],
       [ 6.80215411e-02],
       [ 3.52285035e-02],
       [-5.80206063e-02],
       [-3.29513764e-02],
       [-5.28255232e-02],
       [-3.77523975e-02],
       [-1.86233655e-03],
       [-4.01029798e-02],
       [-1.40950773e-02]])>","<Parameter: name=identity, dtype=float64, shape=[391, 1], fn=""identity"", numpy=
array([[ 7.90023857e-02],
       [ 1.71850722e-01],
       [-2.14078446e-01],
       [ 1.83329875e-01],
       [-9.13803484e-02],
       [ 8.57162313e-02],
       [-1.74718251e-02],
       [-1.50196881e-02],
       [ 1.77759373e-01],
       [-1.61450643e-01],
       [-8.74118856e-02],
       [-1.18023940e-01],
       [-8.39877894e-02],
       [ 1.03553349e-01],
       [ 1.16391890e-01],
       [ 4.94956753e-02],
       [ 1.87555232e-01],
       [-2.00656004e-01],
       [ 1.76224086e-01],
       [-1.08968459e-01],
       [ 3.26925598e-02],
       [-2.00672896e-01],
       [-1.76387112e-01],
       [ 3.35905712e-02],
       [ 1.91937786e-01],
       [-1.66681217e-02],
       [-1.92029962e-01],
       [ 1.27401884e-01],
       [ 7.10035792e-02],
       [-5.21498925e-02],
       [ 1.13381411e-01],
       [-7.13645681e-02],
       [-1.03655580e-01],
       [ 1.13610387e-01],
       [-1.93409115e-01],
       [ 4.46686796e-02],
       [-1.79854457e-01],
       [ 1.34752748e-01],
       [ 2.08224262e-01],
       [ 6.37308166e-02],
       [-1.56339198e-01],
       [-1.37133183e-01],
       [-1.00906191e-01],
       [ 4.41152030e-02],
       [-5.10626520e-02],
       [ 1.13009865e-01],
       [-1.01261686e-01],
       [ 2.35832556e-02],
       [ 1.20792407e-01],
       [-3.50650107e-02],
       [ 3.58376035e-02],
       [ 1.63416086e-01],
       [ 4.91914356e-02],
       [-1.83732065e-02],
       [-7.07311793e-02],
       [-1.14175944e-01],
       [ 1.59961216e-01],
       [ 6.56570552e-02],
       [ 1.81586035e-01],
       [-1.58243730e-01],
       [-8.67936945e-02],
       [ 1.77217886e-01],
       [-1.35394684e-01],
       [ 1.24475632e-01],
       [-7.89421550e-02],
       [-1.67876503e-01],
       [ 2.86864502e-02],
       [ 1.20206581e-01],
       [ 1.76325184e-01],
       [ 2.71275369e-02],
       [-1.78502707e-01],
       [-9.05370859e-02],
       [-1.76144289e-01],
       [ 6.35534823e-02],
       [-6.45272305e-02],
       [-1.53150940e-01],
       [ 2.16536692e-02],
       [-1.37061777e-01],
       [ 1.27459088e-01],
       [-1.57807615e-01],
       [ 1.40938528e-01],
       [-4.33874332e-02],
       [-1.60544896e-01],
       [-9.24238376e-02],
       [-1.47636740e-01],
       [-1.28338958e-01],
       [-7.02520267e-02],
       [ 6.52137091e-03],
       [-9.01684907e-02],
       [ 7.93087303e-03],
       [ 5.99763594e-02],
       [-6.76667972e-02],
       [-3.85630706e-03],
       [ 3.40568715e-02],
       [ 2.06331495e-02],
       [-7.19844222e-03],
       [-8.32501591e-02],
       [-1.31054265e-01],
       [ 7.88362880e-02],
       [-7.65372358e-02],
       [-7.50505080e-02],
       [ 2.03081681e-02],
       [-9.16190941e-02],
       [ 1.82197406e-02],
       [-5.04539444e-02],
       [ 1.41806740e-01],
       [ 1.54184479e-02],
       [-7.32977283e-02],
       [-1.25703906e-01],
       [-3.39378557e-02],
       [ 7.81498687e-02],
       [-1.43904552e-01],
       [ 7.48882552e-02],
       [-4.37593122e-02],
       [ 2.98808547e-02],
       [ 1.53416688e-01],
       [-1.11017607e-01],
       [-1.49507194e-01],
       [ 1.35610368e-01],
       [ 1.40655596e-01],
       [-5.14202459e-02],
       [ 1.41700362e-01],
       [ 1.99369279e-02],
       [ 1.72516021e-01],
       [-8.79827633e-02],
       [-4.51612906e-03],
       [ 1.62512726e-01],
       [-6.72203624e-02],
       [ 8.48923399e-02],
       [ 1.61187824e-01],
       [-1.59016413e-01],
       [-2.80395099e-02],
       [ 1.43121404e-01],
       [ 5.86162855e-02],
       [ 1.29331705e-01],
       [-1.03037268e-01],
       [-4.42961300e-03],
       [-2.80705414e-02],
       [ 1.44386142e-01],
       [ 4.80211667e-02],
       [ 1.62076290e-01],
       [ 9.94942762e-02],
       [ 8.47600908e-02],
       [ 4.43755678e-02],
       [-1.73920528e-01],
       [ 3.03591891e-02],
       [ 1.27405724e-01],
       [-8.06793236e-02],
       [-2.17771224e-02],
       [-2.04911879e-02],
       [-1.08205550e-01],
       [-3.85426170e-02],
       [ 3.07426052e-02],
       [ 8.25968697e-02],
       [-6.29102320e-02],
       [-9.40936439e-02],
       [-7.01237299e-02],
       [ 8.20288251e-02],
       [-8.50364690e-02],
       [-1.27372103e-02],
       [ 1.42926516e-01],
       [-1.26305705e-01],
       [ 7.73279169e-02],
       [ 8.94629098e-02],
       [ 9.33576989e-02],
       [-8.30911805e-02],
       [ 7.26690773e-02],
       [ 6.58033540e-02],
       [ 8.83531973e-02],
       [-1.84497216e-02],
       [-8.44651291e-02],
       [ 1.41798391e-01],
       [ 6.59769615e-02],
       [-6.80196459e-02],
       [-5.75044918e-02],
       [ 1.08038131e-01],
       [ 3.47337714e-02],
       [ 1.21258484e-01],
       [ 1.04001971e-01],
       [ 1.33192858e-01],
       [-4.57786887e-02],
       [ 1.31638195e-01],
       [ 6.83886216e-02],
       [-2.24813324e-02],
       [ 6.46097621e-02],
       [ 6.27245701e-02],
       [-7.51326665e-02],
       [-6.01731892e-02],
       [ 1.36667426e-02],
       [-2.36081891e-02],
       [ 3.20329885e-02],
       [ 9.73381300e-02],
       [ 5.68985076e-02],
       [ 1.43240595e-01],
       [ 1.20773858e-03],
       [-9.74652746e-02],
       [ 2.22859125e-02],
       [ 7.28026143e-02],
       [ 6.06469406e-02],
       [ 2.23309743e-02],
       [-9.43644131e-02],
       [-8.28708072e-02],
       [-6.30042946e-02],
       [ 4.20441904e-02],
       [-1.27109967e-01],
       [ 5.47526399e-02],
       [-9.57535014e-02],
       [ 3.33383252e-02],
       [ 1.16495115e-01],
       [-6.32977664e-02],
       [-6.27343635e-02],
       [ 6.70107899e-02],
       [ 9.72963218e-02],
       [ 6.17019982e-03],
       [ 1.04686401e-01],
       [-5.57879061e-02],
       [-5.95548983e-02],
       [-1.31613103e-01],
       [-1.10886368e-01],
       [ 1.70252226e-02],
       [-1.59606781e-02],
       [ 1.82618769e-04],
       [ 7.10974833e-02],
       [ 3.11576756e-02],
       [ 4.95529088e-02],
       [ 2.86316614e-02],
       [ 1.14067737e-01],
       [ 4.92381685e-02],
       [-2.49258874e-02],
       [ 3.20525042e-02],
       [-8.75232831e-02],
       [ 6.81088689e-03],
       [-7.88084517e-02],
       [ 6.96717457e-02],
       [-1.07881401e-01],
       [-6.35985048e-02],
       [ 9.67536153e-02],
       [-8.46387768e-02],
       [-3.16155005e-02],
       [ 4.12531294e-02],
       [ 7.16394274e-02],
       [-6.28687422e-05],
       [-7.98730495e-02],
       [ 4.77257366e-02],
       [-5.85254370e-02],
       [ 7.85616746e-02],
       [-3.59858551e-02],
       [-3.55987525e-03],
       [-2.90984450e-02],
       [ 5.59714517e-02],
       [ 6.14906400e-02],
       [ 5.89133876e-02],
       [ 8.15589882e-02],
       [ 5.08627726e-02],
       [-6.16207270e-02],
       [ 4.15130744e-03],
       [-8.66991663e-02],
       [-1.42738238e-02],
       [-4.00844604e-02],
       [ 6.89455051e-02],
       [ 7.61302857e-02],
       [-2.60076033e-02],
       [ 3.04478399e-02],
       [-3.60623184e-02],
       [ 3.08310351e-02],
       [ 6.23534325e-02],
       [-1.13248276e-01],
       [ 3.67228633e-02],
       [-6.63226778e-03],
       [ 5.05716535e-02],
       [ 6.80318584e-02],
       [ 3.43598287e-02],
       [ 4.02008174e-03],
       [ 9.85806534e-02],
       [ 7.96772360e-02],
       [ 7.52544975e-04],
       [ 2.80047841e-02],
       [-6.82052743e-02],
       [ 1.25411177e-02],
       [ 7.81993003e-02],
       [-3.86699444e-02],
       [ 4.37699667e-02],
       [ 6.01462348e-02],
       [-4.31062939e-02],
       [ 1.36575264e-02],
       [ 2.62663516e-02],
       [-1.02026767e-01],
       [-3.28167614e-02],
       [-3.90490318e-02],
       [-4.15686334e-02],
       [-8.37817606e-02],
       [ 9.34006010e-03],
       [-2.43963328e-02],
       [-3.70220064e-02],
       [ 1.79800881e-02],
       [ 3.09134030e-02],
       [-7.35895066e-02],
       [-8.39058888e-02],
       [ 4.41407255e-02],
       [ 1.01021452e-01],
       [ 1.23452120e-02],
       [ 6.15497442e-02],
       [-5.93109064e-02],
       [ 1.75590475e-02],
       [-3.87144301e-02],
       [ 2.49355158e-02],
       [ 7.92131659e-02],
       [ 2.27314607e-02],
       [-9.65615261e-04],
       [-5.86482447e-02],
       [ 1.59525161e-02],
       [ 2.83861333e-02],
       [ 1.50584464e-02],
       [-7.91126682e-02],
       [-1.07233659e-01],
       [-4.59452240e-02],
       [ 1.49190466e-02],
       [-3.68876086e-02],
       [ 7.19812032e-02],
       [-4.62615759e-02],
       [-2.55432714e-02],
       [-2.48341444e-02],
       [-8.44043043e-03],
       [ 7.24939968e-02],
       [ 4.51904736e-02],
       [ 5.50010352e-02],
       [-4.86848400e-02],
       [ 3.01737158e-02],
       [-6.26451634e-02],
       [ 1.02905246e-01],
       [-4.58713334e-02],
       [-5.88176157e-02],
       [-6.94404890e-02],
       [ 6.59207967e-02],
       [-7.31185340e-02],
       [ 4.97572064e-02],
       [ 2.42802443e-02],
       [ 6.48567823e-02],
       [ 7.83744564e-02],
       [-5.06560892e-02],
       [-9.71391456e-03],
       [-6.19312775e-02],
       [-5.21165952e-02],
       [-8.84463927e-03],
       [-5.04860903e-03],
       [-4.14002305e-02],
       [-6.50195615e-02],
       [-2.03074407e-02],
       [ 1.02393121e-01],
       [-8.50935362e-02],
       [ 7.85531885e-02],
       [ 6.98593077e-02],
       [ 8.35007856e-02],
       [ 8.36314697e-03],
       [-8.29351146e-02],
       [-7.28625398e-02],
       [ 5.98211687e-02],
       [ 3.07772603e-02],
       [-4.92630283e-02],
       [-6.93521278e-04],
       [-6.80002271e-02],
       [ 2.78409239e-02],
       [-2.19340967e-02],
       [-5.94530476e-03],
       [-7.23383414e-02],
       [-4.63066797e-02],
       [-9.27342971e-04],
       [ 7.47300550e-02],
       [-4.95019105e-02],
       [ 2.55899552e-02],
       [ 7.92732153e-02],
       [-3.86579280e-02],
       [-4.57076409e-03],
       [-6.85155874e-02],
       [-5.31965971e-02],
       [-1.17609880e-02],
       [ 9.76162554e-03],
       [-5.64660564e-02],
       [-5.65233713e-02],
       [-6.14848297e-02],
       [ 4.01485212e-03],
       [ 3.37160914e-02],
       [ 1.86147634e-02],
       [ 8.87238257e-03],
       [ 3.69708831e-02],
       [ 1.79381053e-02],
       [-7.30530344e-02],
       [ 2.93743085e-03],
       [ 7.26193237e-02],
       [-1.07852345e-02],
       [ 6.89662524e-02]])>","<Parameter: name=identity, dtype=float64, shape=[423, 1], fn=""identity"", numpy=
array([[ 5.68499973e-02],
       [-1.50718842e-01],
       [ 1.76815340e-01],
       [-3.18632679e-02],
       [-2.71843369e-02],
       [ 4.49573244e-02],
       [ 2.18056919e-01],
       [-1.67339449e-01],
       [ 1.62694619e-01],
       [ 2.73664352e-02],
       [-2.24552284e-01],
       [-1.91068988e-01],
       [-1.86675137e-01],
       [ 5.07499485e-02],
       [ 5.02307254e-02],
       [ 2.46339249e-01],
       [ 7.16832324e-02],
       [ 2.02142872e-01],
       [ 1.97246415e-01],
       [ 1.46140519e-01],
       [ 1.93404210e-01],
       [-2.15283037e-01],
       [-2.34935717e-01],
       [ 1.37268976e-02],
       [-1.05550039e-01],
       [ 8.47496598e-02],
       [ 1.12396982e-01],
       [-2.21192978e-01],
       [ 1.81216640e-01],
       [ 1.60765668e-01],
       [ 1.59112206e-01],
       [ 1.92045310e-01],
       [ 4.87817879e-02],
       [-1.62624873e-01],
       [ 1.00941642e-01],
       [ 1.71868021e-01],
       [ 1.49384957e-01],
       [-2.15888749e-01],
       [ 1.72602851e-02],
       [-1.82733363e-01],
       [-1.23552719e-01],
       [-1.19340253e-01],
       [-1.51264557e-02],
       [-3.29852534e-02],
       [ 1.54718243e-01],
       [-2.70065476e-03],
       [-8.52180241e-02],
       [ 1.16607245e-01],
       [-2.03582453e-01],
       [ 1.36988661e-01],
       [-3.86671926e-02],
       [ 1.37368047e-02],
       [-9.56718677e-02],
       [ 1.75592930e-01],
       [-1.07578090e-01],
       [ 9.66274520e-02],
       [-5.43330973e-02],
       [-2.00359648e-01],
       [ 1.57773195e-01],
       [ 1.43226198e-01],
       [-3.94812704e-02],
       [ 6.14508015e-02],
       [-1.70660217e-01],
       [ 8.88193911e-02],
       [ 2.07336830e-01],
       [ 4.53619668e-02],
       [-5.33772208e-02],
       [ 1.79133312e-01],
       [-6.33998071e-02],
       [-1.49117299e-01],
       [ 1.25656057e-01],
       [-1.09705325e-01],
       [ 1.39828436e-01],
       [-5.00497718e-02],
       [ 9.28431440e-02],
       [-8.23491636e-02],
       [-6.58743022e-02],
       [ 1.82343080e-01],
       [-1.51800531e-01],
       [ 5.43549898e-02],
       [-4.54112963e-02],
       [ 6.74373593e-02],
       [ 1.09780682e-01],
       [ 4.94635931e-02],
       [ 1.09002642e-01],
       [-1.10311355e-01],
       [-3.61512427e-02],
       [ 2.37935240e-02],
       [-1.46626017e-01],
       [ 5.67295097e-02],
       [ 7.85766002e-04],
       [ 8.73086531e-02],
       [ 7.54289152e-02],
       [ 1.68885642e-03],
       [-2.24302865e-02],
       [-1.68817239e-01],
       [ 8.33823912e-03],
       [-9.78138234e-03],
       [ 6.03904732e-02],
       [-1.93306090e-01],
       [ 1.23658275e-01],
       [ 1.84579219e-01],
       [ 8.21857505e-02],
       [-2.84880358e-02],
       [-1.15653141e-01],
       [ 7.42611136e-02],
       [ 1.32989594e-01],
       [ 7.56937877e-02],
       [-1.05513235e-01],
       [-5.35544499e-03],
       [ 4.16447657e-02],
       [-1.77738705e-01],
       [ 1.67107856e-01],
       [-7.01845866e-03],
       [ 1.29266336e-01],
       [ 8.16416760e-02],
       [-1.52126258e-01],
       [ 5.20365835e-02],
       [-7.40917512e-02],
       [-1.21915633e-01],
       [ 3.51467213e-02],
       [ 1.37058137e-01],
       [ 1.32644029e-01],
       [ 1.48077244e-01],
       [-4.83953290e-02],
       [ 2.10974361e-02],
       [-5.40307818e-02],
       [-1.64836593e-01],
       [-1.32887200e-01],
       [ 9.93598094e-02],
       [-1.11283397e-01],
       [-5.32529527e-02],
       [ 3.14563149e-02],
       [ 1.89353270e-02],
       [ 4.74834671e-02],
       [-2.08706635e-02],
       [-6.28064569e-02],
       [-1.77244018e-01],
       [-1.34044884e-01],
       [ 1.60533132e-02],
       [ 3.22586212e-02],
       [ 1.21954494e-01],
       [ 1.61678154e-01],
       [-6.51408956e-02],
       [ 1.30244097e-01],
       [ 3.52662632e-03],
       [-1.12989580e-01],
       [-1.02050192e-01],
       [ 9.14306734e-03],
       [ 9.55361583e-02],
       [ 7.99500441e-02],
       [-1.39435245e-01],
       [ 1.41726714e-01],
       [ 8.37198563e-02],
       [-3.50980589e-02],
       [ 7.98375003e-03],
       [-4.55364444e-02],
       [-1.47115754e-01],
       [-9.12286031e-02],
       [ 1.50419926e-01],
       [ 1.07886624e-01],
       [ 1.20872506e-01],
       [-3.26518805e-02],
       [-8.45150492e-02],
       [-3.65881592e-02],
       [-3.31144610e-02],
       [-9.42127063e-02],
       [-1.68091653e-01],
       [-2.66015044e-03],
       [ 2.17420930e-03],
       [ 3.78057892e-02],
       [ 6.47646895e-02],
       [-3.49946130e-02],
       [-5.80664715e-02],
       [ 9.91991324e-02],
       [-9.63676335e-02],
       [-2.55423699e-02],
       [ 1.19994598e-01],
       [ 1.29344743e-01],
       [-9.52165840e-02],
       [ 7.02682896e-02],
       [-1.04454466e-01],
       [-7.40903117e-02],
       [ 1.46924818e-01],
       [ 9.77236290e-02],
       [-8.92480439e-02],
       [ 1.32810217e-01],
       [ 1.11909470e-01],
       [ 6.35127388e-03],
       [ 2.55750749e-02],
       [-6.57770584e-02],
       [ 6.69289545e-03],
       [-1.50589847e-01],
       [-5.67548416e-02],
       [ 7.11343819e-02],
       [-7.44363584e-02],
       [-1.08199066e-01],
       [-1.28216808e-02],
       [ 2.88456055e-02],
       [-1.00002098e-01],
       [ 3.97593208e-04],
       [ 1.27692366e-01],
       [-7.87512068e-02],
       [ 6.26905190e-02],
       [ 3.47081047e-02],
       [-1.41863329e-02],
       [ 3.31664871e-02],
       [-3.59850440e-02],
       [-4.80720717e-02],
       [ 4.91941825e-05],
       [-9.07830125e-02],
       [-1.46327004e-01],
       [-5.33032365e-02],
       [-3.84485559e-02],
       [ 5.87671404e-02],
       [ 1.13197181e-02],
       [ 4.60199423e-02],
       [-1.25516486e-02],
       [-1.09709030e-01],
       [-5.28560562e-02],
       [-8.55870558e-02],
       [-7.87352865e-02],
       [-1.16147730e-01],
       [ 4.67953706e-03],
       [ 4.18136386e-02],
       [ 7.78196448e-02],
       [-1.13932736e-01],
       [ 4.40212879e-02],
       [-1.02129014e-02],
       [-1.19818011e-02],
       [ 4.89828623e-02],
       [ 3.66370313e-02],
       [-7.02799359e-02],
       [-7.32368886e-02],
       [-2.65997021e-02],
       [ 2.62190102e-02],
       [ 9.19990527e-02],
       [ 2.81065260e-04],
       [-1.21374688e-01],
       [ 3.18206088e-02],
       [-6.19484973e-02],
       [-1.05726885e-01],
       [ 4.74509172e-02],
       [ 1.14159582e-02],
       [ 7.60224644e-02],
       [ 4.38504408e-03],
       [ 7.71582101e-02],
       [ 1.14894676e-01],
       [ 8.78455893e-02],
       [ 3.81838058e-03],
       [-5.68307549e-02],
       [ 1.26798783e-02],
       [ 3.01915932e-02],
       [ 4.60761080e-02],
       [-4.11601656e-02],
       [-8.01326280e-02],
       [ 2.30694736e-02],
       [-4.22075665e-02],
       [ 9.66689852e-02],
       [-3.73420711e-02],
       [-6.18023247e-02],
       [ 1.13169773e-01],
       [-3.12155603e-02],
       [-7.10977025e-02],
       [-6.94898151e-02],
       [ 9.81599773e-02],
       [ 9.61793855e-02],
       [-1.31942121e-01],
       [-1.34597647e-01],
       [-1.04729869e-01],
       [ 6.48562183e-02],
       [ 1.50616293e-01],
       [ 7.45640763e-02],
       [-4.18771949e-02],
       [ 6.02780061e-02],
       [ 3.78988164e-02],
       [-5.29899521e-02],
       [-1.03626959e-01],
       [-6.89321018e-02],
       [ 1.90631875e-02],
       [ 2.30606791e-02],
       [-4.90891935e-02],
       [-5.51057936e-02],
       [-9.80259931e-03],
       [-1.48828960e-02],
       [-4.09050770e-02],
       [ 3.43565813e-02],
       [-3.19540129e-02],
       [ 6.77159284e-02],
       [-6.10654925e-02],
       [-7.51463605e-02],
       [-5.90988561e-03],
       [ 1.08793997e-02],
       [-8.53557270e-02],
       [ 2.46999128e-02],
       [-3.13365966e-02],
       [ 7.81372789e-02],
       [ 8.11583365e-02],
       [ 5.45984021e-02],
       [-8.32655955e-02],
       [ 8.36246621e-02],
       [ 5.05289012e-04],
       [-1.81878798e-02],
       [-2.21123488e-02],
       [ 7.01803839e-02],
       [ 7.09514000e-02],
       [ 2.39949778e-02],
       [ 7.52306787e-02],
       [-5.85568472e-02],
       [-3.83377621e-02],
       [ 8.14540608e-03],
       [ 4.07468902e-02],
       [-1.14064932e-02],
       [-4.80323284e-02],
       [-1.81807443e-02],
       [ 8.19193078e-02],
       [ 6.99875236e-03],
       [-1.85365474e-02],
       [ 9.37684306e-02],
       [ 3.71253269e-02],
       [ 2.81387967e-02],
       [-1.55424461e-02],
       [-1.05460825e-01],
       [ 9.08668508e-02],
       [ 1.47609846e-02],
       [ 2.48559015e-02],
       [-8.49209836e-03],
       [-1.96329132e-02],
       [ 4.75471634e-02],
       [-6.82150766e-02],
       [ 4.67147022e-02],
       [ 3.50820266e-02],
       [ 2.43082504e-02],
       [-8.33808873e-03],
       [-5.14378350e-02],
       [ 3.61798296e-02],
       [ 7.59139939e-02],
       [-4.34571798e-02],
       [-7.16091796e-02],
       [ 1.26055728e-03],
       [-3.23083141e-02],
       [-3.92355819e-02],
       [ 6.11217004e-03],
       [-1.20720538e-02],
       [-6.99157216e-02],
       [-6.62755025e-02],
       [ 2.56350512e-02],
       [ 4.28309656e-02],
       [ 7.74711721e-02],
       [-7.94760475e-02],
       [ 7.46541728e-02],
       [-8.04599938e-03],
       [ 7.74625891e-02],
       [-6.55803120e-02],
       [-1.12596311e-02],
       [-8.91865482e-02],
       [ 9.81008905e-02],
       [-9.85622917e-02],
       [-7.19690118e-03],
       [ 6.23729793e-02],
       [ 7.83534125e-02],
       [ 1.39890512e-02],
       [ 1.04342848e-03],
       [-2.36926469e-02],
       [ 7.21866140e-02],
       [-1.23574857e-02],
       [-4.83375989e-02],
       [-2.01415692e-02],
       [-6.67704371e-02],
       [ 5.57957375e-04],
       [ 2.28794625e-02],
       [-1.57416089e-02],
       [-4.34049389e-03],
       [ 2.82880923e-02],
       [ 3.61380599e-02],
       [-3.98577689e-02],
       [ 7.04949002e-02],
       [ 4.13195683e-02],
       [-7.00787592e-02],
       [-1.75748885e-02],
       [-4.23525808e-02],
       [-8.00218659e-03],
       [-8.77559483e-02],
       [ 6.81604070e-02],
       [ 9.77949891e-03],
       [ 5.59534167e-02],
       [ 1.20279784e-02],
       [-6.27741557e-02],
       [-6.59012153e-02],
       [ 7.16080914e-02],
       [-4.21005090e-02],
       [-4.99954946e-02],
       [-5.14936119e-02],
       [ 4.81798568e-02],
       [-4.08431888e-03],
       [ 4.33128057e-02],
       [ 7.69593491e-02],
       [ 4.98010251e-02],
       [-8.07878381e-02],
       [ 6.96436154e-02],
       [ 3.41379686e-02],
       [-3.71862733e-02],
       [-6.80947523e-03],
       [-2.24052683e-04],
       [ 4.91971472e-03],
       [ 5.53134937e-02],
       [ 6.41276793e-02],
       [ 6.71735292e-02],
       [-3.64343054e-02],
       [ 3.63716486e-02],
       [ 4.20914750e-02],
       [ 3.71078532e-02],
       [-3.53213670e-03],
       [ 1.64411930e-02],
       [ 2.50138187e-03],
       [-5.96572673e-02],
       [ 8.10631622e-04],
       [ 3.97215439e-04],
       [ 6.13390861e-03],
       [-1.77846867e-02],
       [-6.33054279e-02],
       [-1.18250617e-02],
       [ 3.19672149e-02]])>"
.q_sqrt,"<Parameter: name=fill_triangular, dtype=float64, shape=[1, 393, 393], fn=""fill_triangular"", numpy=
array([[[ 8.15983150e-01,  0.00000000e+00,  0.00000000e+00, ...,
          0.00000000e+00,  0.00000000e+00,  0.00000000e+00],
        [-1.45429432e-01,  8.13107383e-01,  0.00000000e+00, ...,
          0.00000000e+00,  0.00000000e+00,  0.00000000e+00],
        [-1.50206453e-01, -1.77282733e-01,  8.02548633e-01, ...,
          0.00000000e+00,  0.00000000e+00,  0.00000000e+00],
        ...,
        [-9.23797495e-03, -3.52628247e-02, -3.14915750e-02, ...,
          9.47515633e-01,  0.00000000e+00,  0.00000000e+00],
        [ 4.19367072e-04,  2.18899068e-03,  5.10533331e-04, ...,
          8.93900680e-06,  1.00017081e+00,  0.00000000e+00],
        [-2.95771548e-02, -4.04288433e-02, -4.61134055e-02, ...,
          2.31359492e-04, -2.93973839e-06,  9.93385196e-01]]])>","<Parameter: name=fill_triangular, dtype=float64, shape=[1, 400, 400], fn=""fill_triangular"", numpy=
array([[[ 8.39591630e-01,  0.00000000e+00,  0.00000000e+00, ...,
          0.00000000e+00,  0.00000000e+00,  0.00000000e+00],
        [-1.17510347e-01,  8.13784486e-01,  0.00000000e+00, ...,
          0.00000000e+00,  0.00000000e+00,  0.00000000e+00],
        [-1.12984237e-01, -1.31478738e-01,  8.18437399e-01, ...,
          0.00000000e+00,  0.00000000e+00,  0.00000000e+00],
        ...,
        [-1.41384680e-03,  2.97029259e-03,  4.55916552e-03, ...,
          9.91606672e-01,  0.00000000e+00,  0.00000000e+00],
        [-1.87589380e-03,  1.28436160e-03, -3.65613926e-03, ...,
         -2.24547708e-07,  9.99601836e-01,  0.00000000e+00],
        [-6.68966365e-05,  8.25387733e-04, -3.67577377e-04, ...,
          5.98895015e-06,  5.70522764e-07,  9.99620236e-01]]])>","<Parameter: name=fill_triangular, dtype=float64, shape=[1, 393, 393], fn=""fill_triangular"", numpy=
array([[[ 8.22626099e-01,  0.00000000e+00,  0.00000000e+00, ...,
          0.00000000e+00,  0.00000000e+00,  0.00000000e+00],
        [ 1.31728836e-03,  8.52586840e-01,  0.00000000e+00, ...,
          0.00000000e+00,  0.00000000e+00,  0.00000000e+00],
        [-1.42736217e-01,  8.38125778e-02,  8.38835905e-01, ...,
          0.00000000e+00,  0.00000000e+00,  0.00000000e+00],
        ...,
        [-2.93042993e-02, -1.39733073e-02, -1.29838083e-02, ...,
          9.48829065e-01,  0.00000000e+00,  0.00000000e+00],
        [ 1.20051544e-03,  2.54640453e-05,  4.22705433e-05, ...,
         -2.25666804e-06,  9.98979216e-01,  0.00000000e+00],
        [-2.40427055e-02, -5.90903149e-03, -2.07918020e-02, ...,
          3.70952951e-05,  1.89557437e-05,  9.83625467e-01]]])>","<Parameter: name=fill_triangular, dtype=float64, shape=[1, 391, 391], fn=""fill_triangular"", numpy=
array([[[ 8.21468276e-01,  0.00000000e+00,  0.00000000e+00, ...,
          0.00000000e+00,  0.00000000e+00,  0.00000000e+00],
        [-1.13228185e-01,  8.26298963e-01,  0.00000000e+00, ...,
          0.00000000e+00,  0.00000000e+00,  0.00000000e+00],
        [-1.21596604e-01, -9.98748382e-02,  8.00645332e-01, ...,
          0.00000000e+00,  0.00000000e+00,  0.00000000e+00],
        ...,
        [-2.50040963e-02, -1.93769737e-02, -4.49613161e-02, ...,
          9.38914687e-01,  0.00000000e+00,  0.00000000e+00],
        [ 1.97598865e-03,  3.38412785e-04, -7.49033683e-05, ...,
         -3.21535831e-06,  9.98936302e-01,  0.00000000e+00],
        [-3.51814832e-02, -1.79708072e-02, -5.24082405e-03, ...,
         -2.14742991e-04,  7.84984706e-05,  9.39582018e-01]]])>","<Parameter: name=fill_triangular, dtype=float64, shape=[1, 423, 423], fn=""fill_triangular"", numpy=
array([[[ 7.87509186e-01,  0.00000000e+00,  0.00000000e+00, ...,
          0.00000000e+00,  0.00000000e+00,  0.00000000e+00],
        [-1.08977131e-01,  8.17537971e-01,  0.00000000e+00, ...,
          0.00000000e+00,  0.00000000e+00,  0.00000000e+00],
        [-1.92100081e-01, -7.23192694e-02,  8.02019942e-01, ...,
          0.00000000e+00,  0.00000000e+00,  0.00000000e+00],
        ...,
        [ 1.77151148e-02, -1.32556911e-02,  2.65728142e-03, ...,
          9.83225863e-01,  0.00000000e+00,  0.00000000e+00],
        [ 5.90206549e-03, -4.79674348e-02,  5.22227303e-04, ...,
         -8.43204286e-06,  9.92387922e-01,  0.00000000e+00],
        [-6.51111392e-03, -3.16438506e-03,  7.58119970e-03, ...,
          1.17892649e-04, -2.92658307e-05,  9.74348605e-01]]])>"
